hotel_name,central_map_number,central_sector,city,district,zone_type,source_authority,source_map_edition,verification_status,source_notes
منار المنورة,422,400,المدينة المنورة,المنطقة المركزية,المنطقة المركزية / Central Zone,المخطط الإرشادي للمسجد النبوي ومرافقه وفنادق المنطقة المركزية,1448هـ / 2026م,رسمي موثق / Official Verified,تمت مطابقة الاسم ورقم الموقع من المخطط المرفق؛ الترخيص التجاري يحتاج تحققًا مستقلاً
منازل الأسواق,431,400,المدينة المنورة,المنطقة المركزية,المنطقة المركزية / Central Zone,المخطط الإرشادي للمسجد النبوي ومرافقه وفنادق المنطقة المركزية,1448هـ / 2026م,رسمي موثق / Official Verified,تمت مطابقة الاسم ورقم الموقع من المخطط المرفق؛ الترخيص التجاري يحتاج تحققًا مستقلاً
منازل التقوى,363,300,المدينة المنورة,المنطقة المركزية,المنطقة المركزية / Central Zone,المخطط الإرشادي للمسجد النبوي ومرافقه وفنادق المنطقة المركزية,1448هـ / 2026م,رسمي موثق / Official Verified,تمت مطابقة الاسم ورقم الموقع من المخطط المرفق؛ الترخيص التجاري يحتاج تحققًا مستقلاً
منازل الحسن - زوار,230,200,المدينة المنورة,المنطقة المركزية,المنطقة المركزية / Central Zone,المخطط الإرشادي للمسجد النبوي ومرافقه وفنادق المنطقة المركزية,1448هـ / 2026م,رسمي موثق / Official Verified,تمت مطابقة الاسم ورقم الموقع من المخطط المرفق؛ الترخيص التجاري يحتاج تحققًا مستقلاً
منازل الرحمة,307,300,المدينة المنورة,المنطقة المركزية,المنطقة المركزية / Central Zone,المخطط الإرشادي للمسجد النبوي ومرافقه وفنادق المنطقة المركزية,1448هـ / 2026م,رسمي موثق / Official Verified,تمت مطابقة الاسم ورقم الموقع من المخطط المرفق؛ الترخيص التجاري يحتاج تحققًا مستقلاً
منازل الزهراء - زوار,231,200,المدينة المنورة,المنطقة المركزية,المنطقة المركزية / Central Zone,المخطط الإرشادي للمسجد النبوي ومرافقه وفنادق المنطقة المركزية,1448هـ / 2026م,رسمي موثق / Official Verified,تمت مطابقة الاسم ورقم الموقع من المخطط المرفق؛ الترخيص التجاري يحتاج تحققًا مستقلاً
منازل الصادق - زوار,302,300,المدينة المنورة,المنطقة المركزية,المنطقة المركزية / Central Zone,المخطط الإرشادي للمسجد النبوي ومرافقه وفنادق المنطقة المركزية,1448هـ / 2026م,رسمي موثق / Official Verified,تمت مطابقة الاسم ورقم الموقع من المخطط المرفق؛ الترخيص التجاري يحتاج تحققًا مستقلاً
منازل الصافية - زوار,418,400,المدينة المنورة,المنطقة المركزية,المنطقة المركزية / Central Zone,المخطط الإرشادي للمسجد النبوي ومرافقه وفنادق المنطقة المركزية,1448هـ / 2026م,رسمي موثق / Official Verified,تمت مطابقة الاسم ورقم الموقع من المخطط المرفق؛ الترخيص التجاري يحتاج تحققًا مستقلاً
منازل الفلاح الذهبي,304,300,المدينة المنورة,المنطقة المركزية,المنطقة المركزية / Central Zone,المخطط الإرشادي للمسجد النبوي ومرافقه وفنادق المنطقة المركزية,1448هـ / 2026م,رسمي موثق / Official Verified,تمت مطابقة الاسم ورقم الموقع من المخطط المرفق؛ الترخيص التجاري يحتاج تحققًا مستقلاً
منازل المدينة - زوار,415,400,المدينة المنورة,المنطقة المركزية,المنطقة المركزية / Central Zone,المخطط الإرشادي للمسجد النبوي ومرافقه وفنادق المنطقة المركزية,1448هـ / 2026م,رسمي موثق / Official Verified,تمت مطابقة الاسم ورقم الموقع من المخطط المرفق؛ الترخيص التجاري يحتاج تحققًا مستقلاً
مياس,203,200,المدينة المنورة,المنطقة المركزية,المنطقة المركزية / Central Zone,المخطط الإرشادي للمسجد النبوي ومرافقه وفنادق المنطقة المركزية,1448هـ / 2026م,رسمي موثق / Official Verified,تمت مطابقة الاسم ورقم الموقع من المخطط المرفق؛ الترخيص التجاري يحتاج تحققًا مستقلاً
مجمار,303,300,المدينة المنورة,المنطقة المركزية,المنطقة المركزية / Central Zone,المخطط الإرشادي للمسجد النبوي ومرافقه وفنادق المنطقة المركزية,1448هـ / 2026م,رسمي موثق / Official Verified,تمت مطابقة الاسم ورقم الموقع من المخطط المرفق؛ الترخيص التجاري يحتاج تحققًا مستقلاً
ميسان التقوى,396,300,المدينة المنورة,المنطقة المركزية,المنطقة المركزية / Central Zone,المخطط الإرشادي للمسجد النبوي ومرافقه وفنادق المنطقة المركزية,1448هـ / 2026م,رسمي موثق / Official Verified,تمت مطابقة الاسم ورقم الموقع من المخطط المرفق؛ الترخيص التجاري يحتاج تحققًا مستقلاً
ميسان الحارثية,155,100,المدينة المنورة,المنطقة المركزية,المنطقة المركزية / Central Zone,المخطط الإرشادي للمسجد النبوي ومرافقه وفنادق المنطقة المركزية,1448هـ / 2026م,رسمي موثق / Official Verified,تمت مطابقة الاسم ورقم الموقع من المخطط المرفق؛ الترخيص التجاري يحتاج تحققًا مستقلاً
ميسان رحاب المسك,234,200,المدينة المنورة,المنطقة المركزية,المنطقة المركزية / Central Zone,المخطط الإرشادي للمسجد النبوي ومرافقه وفنادق المنطقة المركزية,1448هـ / 2026م,رسمي موثق / Official Verified,تمت مطابقة الاسم ورقم الموقع من المخطط المرفق؛ الترخيص التجاري يحتاج تحققًا مستقلاً
ميلينيوم العقيق,154,100,المدينة المنورة,المنطقة المركزية,المنطقة المركزية / Central Zone,المخطط الإرشادي للمسجد النبوي ومرافقه وفنادق المنطقة المركزية,1448هـ / 2026م,رسمي موثق / Official Verified,تمت مطابقة الاسم ورقم الموقع من المخطط المرفق؛ الترخيص التجاري يحتاج تحققًا مستقلاً
ميلينيوم طيبة,371,300,المدينة المنورة,المنطقة المركزية,المنطقة المركزية / Central Zone,المخطط الإرشادي للمسجد النبوي ومرافقه وفنادق المنطقة المركزية,1448هـ / 2026م,رسمي موثق / Official Verified,تمت مطابقة الاسم ورقم الموقع من المخطط المرفق؛ الترخيص التجاري يحتاج تحققًا مستقلاً
نجوم المدينة,374,300,المدينة المنورة,المنطقة المركزية,المنطقة المركزية / Central Zone,المخطط الإرشادي للمسجد النبوي ومرافقه وفنادق المنطقة المركزية,1448هـ / 2026م,رسمي موثق / Official Verified,تمت مطابقة الاسم ورقم الموقع من المخطط المرفق؛ الترخيص التجاري يحتاج تحققًا مستقلاً
ندى السلام,347,300,المدينة المنورة,المنطقة المركزية,المنطقة المركزية / Central Zone,المخطط الإرشادي للمسجد النبوي ومرافقه وفنادق المنطقة المركزية,1448هـ / 2026م,رسمي موثق / Official Verified,تمت مطابقة الاسم ورقم الموقع من المخطط المرفق؛ الترخيص التجاري يحتاج تحققًا مستقلاً
نسك الإيمان,411,400,المدينة المنورة,المنطقة المركزية,المنطقة المركزية / Central Zone,المخطط الإرشادي للمسجد النبوي ومرافقه وفنادق المنطقة المركزية,1448هـ / 2026م,رسمي موثق / Official Verified,تمت مطابقة الاسم ورقم الموقع من المخطط المرفق؛ الترخيص التجاري يحتاج تحققًا مستقلاً
نسك المدينة,423,400,المدينة المنورة,المنطقة المركزية,المنطقة المركزية / Central Zone,المخطط الإرشادي للمسجد النبوي ومرافقه وفنادق المنطقة المركزية,1448هـ / 2026م,رسمي موثق / Official Verified,تمت مطابقة الاسم ورقم الموقع من المخطط المرفق؛ الترخيص التجاري يحتاج تحققًا مستقلاً
نسك الهجرة,417,400,المدينة المنورة,المنطقة المركزية,المنطقة المركزية / Central Zone,المخطط الإرشادي للمسجد النبوي ومرافقه وفنادق المنطقة المركزية,1448هـ / 2026م,رسمي موثق / Official Verified,تمت مطابقة الاسم ورقم الموقع من المخطط المرفق؛ الترخيص التجاري يحتاج تحققًا مستقلاً
نقاط ثلاثة الرضا,448,400,المدينة المنورة,المنطقة المركزية,المنطقة المركزية / Central Zone,المخطط الإرشادي للمسجد النبوي ومرافقه وفنادق المنطقة المركزية,1448هـ / 2026م,رسمي موثق / Official Verified,تمت مطابقة الاسم ورقم الموقع من المخطط المرفق؛ الترخيص التجاري يحتاج تحققًا مستقلاً
نقاط ثلاثة الكوثر,447,400,المدينة المنورة,المنطقة المركزية,المنطقة المركزية / Central Zone,المخطط الإرشادي للمسجد النبوي ومرافقه وفنادق المنطقة المركزية,1448هـ / 2026م,رسمي موثق / Official Verified,تمت مطابقة الاسم ورقم الموقع من المخطط المرفق؛ الترخيص التجاري يحتاج تحققًا مستقلاً
نوفوتيل المدينة,255,200,المدينة المنورة,المنطقة المركزية,المنطقة المركزية / Central Zone,المخطط الإرشادي للمسجد النبوي ومرافقه وفنادق المنطقة المركزية,1448هـ / 2026م,رسمي موثق / Official Verified,تمت مطابقة الاسم ورقم الموقع من المخطط المرفق؛ الترخيص التجاري يحتاج تحققًا مستقلاً
هدى طيبة,421,400,المدينة المنورة,المنطقة المركزية,المنطقة المركزية / Central Zone,المخطط الإرشادي للمسجد النبوي ومرافقه وفنادق المنطقة المركزية,1448هـ / 2026م,رسمي موثق / Official Verified,تمت مطابقة الاسم ورقم الموقع من المخطط المرفق؛ الترخيص التجاري يحتاج تحققًا مستقلاً
واجهة طيبة,157,100,المدينة المنورة,المنطقة المركزية,المنطقة المركزية / Central Zone,المخطط الإرشادي للمسجد النبوي ومرافقه وفنادق المنطقة المركزية,1448هـ / 2026م,رسمي موثق / Official Verified,تمت مطابقة الاسم ورقم الموقع من المخطط المرفق؛ الترخيص التجاري يحتاج تحققًا مستقلاً
وردة الإيمان,360,300,المدينة المنورة,المنطقة المركزية,المنطقة المركزية / Central Zone,المخطط الإرشادي للمسجد النبوي ومرافقه وفنادق المنطقة المركزية,1448هـ / 2026م,رسمي موثق / Official Verified,تمت مطابقة الاسم ورقم الموقع من المخطط المرفق؛ الترخيص التجاري يحتاج تحققًا مستقلاً
وردة السعادة,364,300,المدينة المنورة,المنطقة المركزية,المنطقة المركزية / Central Zone,المخطط الإرشادي للمسجد النبوي ومرافقه وفنادق المنطقة المركزية,1448هـ / 2026م,رسمي موثق / Official Verified,تمت مطابقة الاسم ورقم الموقع من المخطط المرفق؛ الترخيص التجاري يحتاج تحققًا مستقلاً
وردة الصفا,320,300,المدينة المنورة,المنطقة المركزية,المنطقة المركزية / Central Zone,المخطط الإرشادي للمسجد النبوي ومرافقه وفنادق المنطقة المركزية,1448هـ / 2026م,رسمي موثق / Official Verified,تمت مطابقة الاسم ورقم الموقع من المخطط المرفق؛ الترخيص التجاري يحتاج تحققًا مستقلاً
وفادة الزهراء,210,200,المدينة المنورة,المنطقة المركزية,المنطقة المركزية / Central Zone,المخطط الإرشادي للمسجد النبوي ومرافقه وفنادق المنطقة المركزية,1448هـ / 2026م,رسمي موثق / Official Verified,تمت مطابقة الاسم ورقم الموقع من المخطط المرفق؛ الترخيص التجاري يحتاج تحققًا مستقلاً
وقت التنزيل,310,300,المدينة المنورة,المنطقة المركزية,المنطقة المركزية / Central Zone,المخطط الإرشادي للمسجد النبوي ومرافقه وفنادق المنطقة المركزية,1448هـ / 2026م,رسمي موثق / Official Verified,تمت مطابقة الاسم ورقم الموقع من المخطط المرفق؛ الترخيص التجاري يحتاج تحققًا مستقلاً
ون إن,412,400,المدينة المنورة,المنطقة المركزية,المنطقة المركزية / Central Zone,المخطط الإرشادي للمسجد النبوي ومرافقه وفنادق المنطقة المركزية,1448هـ / 2026م,رسمي موثق / Official Verified,تمت مطابقة الاسم ورقم الموقع من المخطط المرفق؛ الترخيص التجاري يحتاج تحققًا مستقلاً
وورث تود,237,200,المدينة المنورة,المنطقة المركزية,المنطقة المركزية / Central Zone,المخطط الإرشادي للمسجد النبوي ومرافقه وفنادق المنطقة المركزية,1448هـ / 2026م,رسمي موثق / Official Verified,تمت مطابقة الاسم ورقم الموقع من المخطط المرفق؛ الترخيص التجاري يحتاج تحققًا مستقلاً
وورث نروان,244,200,المدينة المنورة,المنطقة المركزية,المنطقة المركزية / Central Zone,المخطط الإرشادي للمسجد النبوي ومرافقه وفنادق المنطقة المركزية,1448هـ / 2026م,رسمي موثق / Official Verified,تمت مطابقة الاسم ورقم الموقع من المخطط المرفق؛ الترخيص التجاري يحتاج تحققًا مستقلاً
روضة العقيق,113,100,المدينة المنورة,المنطقة المركزية,المنطقة المركزية / Central Zone,المخطط الإرشادي للمسجد النبوي ومرافقه وفنادق المنطقة المركزية,1448هـ / 2026م,رسمي موثق / Official Verified,تمت مطابقة الاسم ورقم الموقع من المخطط المرفق؛ الترخيص التجاري يحتاج تحققًا مستقلاً
روضة المختار,380,300,المدينة المنورة,المنطقة المركزية,المنطقة المركزية / Central Zone,المخطط الإرشادي للمسجد النبوي ومرافقه وفنادق المنطقة المركزية,1448هـ / 2026م,رسمي موثق / Official Verified,تمت مطابقة الاسم ورقم الموقع من المخطط المرفق؛ الترخيص التجاري يحتاج تحققًا مستقلاً
رويال المدينة,121,100,المدينة المنورة,المنطقة المركزية,المنطقة المركزية / Central Zone,المخطط الإرشادي للمسجد النبوي ومرافقه وفنادق المنطقة المركزية,1448هـ / 2026م,رسمي موثق / Official Verified,تمت مطابقة الاسم ورقم الموقع من المخطط المرفق؛ الترخيص التجاري يحتاج تحققًا مستقلاً
رؤى الأندلس البلاتيني,416,400,المدينة المنورة,المنطقة المركزية,المنطقة المركزية / Central Zone,المخطط الإرشادي للمسجد النبوي ومرافقه وفنادق المنطقة المركزية,1448هـ / 2026م,رسمي موثق / Official Verified,تمت مطابقة الاسم ورقم الموقع من المخطط المرفق؛ الترخيص التجاري يحتاج تحققًا مستقلاً
رؤى السعادة,238,200,المدينة المنورة,المنطقة المركزية,المنطقة المركزية / Central Zone,المخطط الإرشادي للمسجد النبوي ومرافقه وفنادق المنطقة المركزية,1448هـ / 2026م,رسمي موثق / Official Verified,تمت مطابقة الاسم ورقم الموقع من المخطط المرفق؛ الترخيص التجاري يحتاج تحققًا مستقلاً
رؤى الضيافة,356,300,المدينة المنورة,المنطقة المركزية,المنطقة المركزية / Central Zone,المخطط الإرشادي للمسجد النبوي ومرافقه وفنادق المنطقة المركزية,1448هـ / 2026م,رسمي موثق / Official Verified,تمت مطابقة الاسم ورقم الموقع من المخطط المرفق؛ الترخيص التجاري يحتاج تحققًا مستقلاً
رؤى العالمي,120,100,المدينة المنورة,المنطقة المركزية,المنطقة المركزية / Central Zone,المخطط الإرشادي للمسجد النبوي ومرافقه وفنادق المنطقة المركزية,1448هـ / 2026م,رسمي موثق / Official Verified,تمت مطابقة الاسم ورقم الموقع من المخطط المرفق؛ الترخيص التجاري يحتاج تحققًا مستقلاً
رؤى الفخامة,227,200,المدينة المنورة,المنطقة المركزية,المنطقة المركزية / Central Zone,المخطط الإرشادي للمسجد النبوي ومرافقه وفنادق المنطقة المركزية,1448هـ / 2026م,رسمي موثق / Official Verified,تمت مطابقة الاسم ورقم الموقع من المخطط المرفق؛ الترخيص التجاري يحتاج تحققًا مستقلاً
رؤى الماسي,457,400,المدينة المنورة,المنطقة المركزية,المنطقة المركزية / Central Zone,المخطط الإرشادي للمسجد النبوي ومرافقه وفنادق المنطقة المركزية,1448هـ / 2026م,رسمي موثق / Official Verified,تمت مطابقة الاسم ورقم الموقع من المخطط المرفق؛ الترخيص التجاري يحتاج تحققًا مستقلاً
رؤى جراند,357,300,المدينة المنورة,المنطقة المركزية,المنطقة المركزية / Central Zone,المخطط الإرشادي للمسجد النبوي ومرافقه وفنادق المنطقة المركزية,1448هـ / 2026م,رسمي موثق / Official Verified,تمت مطابقة الاسم ورقم الموقع من المخطط المرفق؛ الترخيص التجاري يحتاج تحققًا مستقلاً
رؤى طيبة بلس,378,300,المدينة المنورة,المنطقة المركزية,المنطقة المركزية / Central Zone,المخطط الإرشادي للمسجد النبوي ومرافقه وفنادق المنطقة المركزية,1448هـ / 2026م,رسمي موثق / Official Verified,تمت مطابقة الاسم ورقم الموقع من المخطط المرفق؛ الترخيص التجاري يحتاج تحققًا مستقلاً
رؤيا الأندلس البلاتيني,341,300,المدينة المنورة,المنطقة المركزية,المنطقة المركزية / Central Zone,المخطط الإرشادي للمسجد النبوي ومرافقه وفنادق المنطقة المركزية,1448هـ / 2026م,رسمي موثق / Official Verified,تمت مطابقة الاسم ورقم الموقع من المخطط المرفق؛ الترخيص التجاري يحتاج تحققًا مستقلاً
رؤيا الأندلس النخبة,319,300,المدينة المنورة,المنطقة المركزية,المنطقة المركزية / Central Zone,المخطط الإرشادي للمسجد النبوي ومرافقه وفنادق المنطقة المركزية,1448هـ / 2026م,رسمي موثق / Official Verified,تمت مطابقة الاسم ورقم الموقع من المخطط المرفق؛ الترخيص التجاري يحتاج تحققًا مستقلاً
رياض الزهراء,233,200,المدينة المنورة,المنطقة المركزية,المنطقة المركزية / Central Zone,المخطط الإرشادي للمسجد النبوي ومرافقه وفنادق المنطقة المركزية,1448هـ / 2026م,رسمي موثق / Official Verified,تمت مطابقة الاسم ورقم الموقع من المخطط المرفق؛ الترخيص التجاري يحتاج تحققًا مستقلاً
كاسيل,403,400,المدينة المنورة,المنطقة المركزية,المنطقة المركزية / Central Zone,المخطط الإرشادي للمسجد النبوي ومرافقه وفنادق المنطقة المركزية,1448هـ / 2026م,رسمي موثق / Official Verified,تمت مطابقة الاسم ورقم الموقع من المخطط المرفق؛ الترخيص التجاري يحتاج تحققًا مستقلاً
كراون بلازا المدينة,433,400,المدينة المنورة,المنطقة المركزية,المنطقة المركزية / Central Zone,المخطط الإرشادي للمسجد النبوي ومرافقه وفنادق المنطقة المركزية,1448هـ / 2026م,رسمي موثق / Official Verified,تمت مطابقة الاسم ورقم الموقع من المخطط المرفق؛ الترخيص التجاري يحتاج تحققًا مستقلاً
كرم الحجار,229,200,المدينة المنورة,المنطقة المركزية,المنطقة المركزية / Central Zone,المخطط الإرشادي للمسجد النبوي ومرافقه وفنادق المنطقة المركزية,1448هـ / 2026م,رسمي موثق / Official Verified,تمت مطابقة الاسم ورقم الموقع من المخطط المرفق؛ الترخيص التجاري يحتاج تحققًا مستقلاً
كرم الخبر,368,300,المدينة المنورة,المنطقة المركزية,المنطقة المركزية / Central Zone,المخطط الإرشادي للمسجد النبوي ومرافقه وفنادق المنطقة المركزية,1448هـ / 2026م,رسمي موثق / Official Verified,تمت مطابقة الاسم ورقم الموقع من المخطط المرفق؛ الترخيص التجاري يحتاج تحققًا مستقلاً
كرم المدينة,425,400,المدينة المنورة,المنطقة المركزية,المنطقة المركزية / Central Zone,المخطط الإرشادي للمسجد النبوي ومرافقه وفنادق المنطقة المركزية,1448هـ / 2026م,رسمي موثق / Official Verified,تمت مطابقة الاسم ورقم الموقع من المخطط المرفق؛ الترخيص التجاري يحتاج تحققًا مستقلاً
كرم طيبة,222,200,المدينة المنورة,المنطقة المركزية,المنطقة المركزية / Central Zone,المخطط الإرشادي للمسجد النبوي ومرافقه وفنادق المنطقة المركزية,1448هـ / 2026م,رسمي موثق / Official Verified,تمت مطابقة الاسم ورقم الموقع من المخطط المرفق؛ الترخيص التجاري يحتاج تحققًا مستقلاً
كرم إيليت,235,200,المدينة المنورة,المنطقة المركزية,المنطقة المركزية / Central Zone,المخطط الإرشادي للمسجد النبوي ومرافقه وفنادق المنطقة المركزية,1448هـ / 2026م,رسمي موثق / Official Verified,تمت مطابقة الاسم ورقم الموقع من المخطط المرفق؛ الترخيص التجاري يحتاج تحققًا مستقلاً
كون كود التنزيل,374,300,المدينة المنورة,المنطقة المركزية,المنطقة المركزية / Central Zone,المخطط الإرشادي للمسجد النبوي ومرافقه وفنادق المنطقة المركزية,1448هـ / 2026م,رسمي موثق / Official Verified,تمت مطابقة الاسم ورقم الموقع من المخطط المرفق؛ الترخيص التجاري يحتاج تحققًا مستقلاً
سبال,381,300,المدينة المنورة,المنطقة المركزية,المنطقة المركزية / Central Zone,المخطط الإرشادي للمسجد النبوي ومرافقه وفنادق المنطقة المركزية,1448هـ / 2026م,رسمي موثق / Official Verified,تمت مطابقة الاسم ورقم الموقع من المخطط المرفق؛ الترخيص التجاري يحتاج تحققًا مستقلاً
سبال الماسي,409,400,المدينة المنورة,المنطقة المركزية,المنطقة المركزية / Central Zone,المخطط الإرشادي للمسجد النبوي ومرافقه وفنادق المنطقة المركزية,1448هـ / 2026م,رسمي موثق / Official Verified,تمت مطابقة الاسم ورقم الموقع من المخطط المرفق؛ الترخيص التجاري يحتاج تحققًا مستقلاً
سبال بلس,211,200,المدينة المنورة,المنطقة المركزية,المنطقة المركزية / Central Zone,المخطط الإرشادي للمسجد النبوي ومرافقه وفنادق المنطقة المركزية,1448هـ / 2026م,رسمي موثق / Official Verified,تمت مطابقة الاسم ورقم الموقع من المخطط المرفق؛ الترخيص التجاري يحتاج تحققًا مستقلاً
كيان العالمي,124,100,المدينة المنورة,المنطقة المركزية,المنطقة المركزية / Central Zone,المخطط الإرشادي للمسجد النبوي ومرافقه وفنادق المنطقة المركزية,1448هـ / 2026م,رسمي موثق / Official Verified,تمت مطابقة الاسم ورقم الموقع من المخطط المرفق؛ الترخيص التجاري يحتاج تحققًا مستقلاً
كيان الماسي,305,300,المدينة المنورة,المنطقة المركزية,المنطقة المركزية / Central Zone,المخطط الإرشادي للمسجد النبوي ومرافقه وفنادق المنطقة المركزية,1448هـ / 2026م,رسمي موثق / Official Verified,تمت مطابقة الاسم ورقم الموقع من المخطط المرفق؛ الترخيص التجاري يحتاج تحققًا مستقلاً
كيان المدينة,344,300,المدينة المنورة,المنطقة المركزية,المنطقة المركزية / Central Zone,المخطط الإرشادي للمسجد النبوي ومرافقه وفنادق المنطقة المركزية,1448هـ / 2026م,رسمي موثق / Official Verified,تمت مطابقة الاسم ورقم الموقع من المخطط المرفق؛ الترخيص التجاري يحتاج تحققًا مستقلاً
سجى المدينة,138,100,المدينة المنورة,المنطقة المركزية,المنطقة المركزية / Central Zone,المخطط الإرشادي للمسجد النبوي ومرافقه وفنادق المنطقة المركزية,1448هـ / 2026م,رسمي موثق / Official Verified,تمت مطابقة الاسم ورقم الموقع من المخطط المرفق؛ الترخيص التجاري يحتاج تحققًا مستقلاً
سدرة المدينة,326,300,المدينة المنورة,المنطقة المركزية,المنطقة المركزية / Central Zone,المخطط الإرشادي للمسجد النبوي ومرافقه وفنادق المنطقة المركزية,1448هـ / 2026م,رسمي موثق / Official Verified,تمت مطابقة الاسم ورقم الموقع من المخطط المرفق؛ الترخيص التجاري يحتاج تحققًا مستقلاً
سرابا هارموني A,452,400,المدينة المنورة,المنطقة المركزية,المنطقة المركزية / Central Zone,المخطط الإرشادي للمسجد النبوي ومرافقه وفنادق المنطقة المركزية,1448هـ / 2026م,رسمي موثق / Official Verified,تمت مطابقة الاسم ورقم الموقع من المخطط المرفق؛ الترخيص التجاري يحتاج تحققًا مستقلاً
سرابا هارموني B,454,400,المدينة المنورة,المنطقة المركزية,المنطقة المركزية / Central Zone,المخطط الإرشادي للمسجد النبوي ومرافقه وفنادق المنطقة المركزية,1448هـ / 2026م,رسمي موثق / Official Verified,تمت مطابقة الاسم ورقم الموقع من المخطط المرفق؛ الترخيص التجاري يحتاج تحققًا مستقلاً
سرابا هارموني C,455,400,المدينة المنورة,المنطقة المركزية,المنطقة المركزية / Central Zone,المخطط الإرشادي للمسجد النبوي ومرافقه وفنادق المنطقة المركزية,1448هـ / 2026م,رسمي موثق / Official Verified,تمت مطابقة الاسم ورقم الموقع من المخطط المرفق؛ الترخيص التجاري يحتاج تحققًا مستقلاً
سكاي فيو,453,400,المدينة المنورة,المنطقة المركزية,المنطقة المركزية / Central Zone,المخطط الإرشادي للمسجد النبوي ومرافقه وفنادق المنطقة المركزية,1448هـ / 2026م,رسمي موثق / Official Verified,تمت مطابقة الاسم ورقم الموقع من المخطط المرفق؛ الترخيص التجاري يحتاج تحققًا مستقلاً
سما الذهبي,351,300,المدينة المنورة,المنطقة المركزية,المنطقة المركزية / Central Zone,المخطط الإرشادي للمسجد النبوي ومرافقه وفنادق المنطقة المركزية,1448هـ / 2026م,رسمي موثق / Official Verified,تمت مطابقة الاسم ورقم الموقع من المخطط المرفق؛ الترخيص التجاري يحتاج تحققًا مستقلاً
سما الماسي,362,300,المدينة المنورة,المنطقة المركزية,المنطقة المركزية / Central Zone,المخطط الإرشادي للمسجد النبوي ومرافقه وفنادق المنطقة المركزية,1448هـ / 2026م,رسمي موثق / Official Verified,تمت مطابقة الاسم ورقم الموقع من المخطط المرفق؛ الترخيص التجاري يحتاج تحققًا مستقلاً
سنابل المدينة,117,100,المدينة المنورة,المنطقة المركزية,المنطقة المركزية / Central Zone,المخطط الإرشادي للمسجد النبوي ومرافقه وفنادق المنطقة المركزية,1448هـ / 2026م,رسمي موثق / Official Verified,تمت مطابقة الاسم ورقم الموقع من المخطط المرفق؛ الترخيص التجاري يحتاج تحققًا مستقلاً
سوفيتيل شهد المدينة,115,100,المدينة المنورة,المنطقة المركزية,المنطقة المركزية / Central Zone,المخطط الإرشادي للمسجد النبوي ومرافقه وفنادق المنطقة المركزية,1448هـ / 2026م,رسمي موثق / Official Verified,تمت مطابقة الاسم ورقم الموقع من المخطط المرفق؛ الترخيص التجاري يحتاج تحققًا مستقلاً
سويس إنترناشيونال طيبة,232,200,المدينة المنورة,المنطقة المركزية,المنطقة المركزية / Central Zone,المخطط الإرشادي للمسجد النبوي ومرافقه وفنادق المنطقة المركزية,1448هـ / 2026م,رسمي موثق / Official Verified,تمت مطابقة الاسم ورقم الموقع من المخطط المرفق؛ الترخيص التجاري يحتاج تحققًا مستقلاً
مجمع الجزيرة,475,400,المدينة المنورة,المنطقة المركزية,المنطقة المركزية / Central Zone,المخطط الإرشادي للمسجد النبوي ومرافقه وفنادق المنطقة المركزية,1448هـ / 2026م,رسمي موثق / Official Verified,تمت مطابقة الاسم ورقم الموقع من المخطط المرفق؛ الترخيص التجاري يحتاج تحققًا مستقلاً
شذا ريجنسي بلازا,130,100,المدينة المنورة,المنطقة المركزية,المنطقة المركزية / Central Zone,المخطط الإرشادي للمسجد النبوي ومرافقه وفنادق المنطقة المركزية,1448هـ / 2026م,رسمي موثق / Official Verified,تمت مطابقة الاسم ورقم الموقع من المخطط المرفق؛ الترخيص التجاري يحتاج تحققًا مستقلاً
شيرادون,140,100,المدينة المنورة,المنطقة المركزية,المنطقة المركزية / Central Zone,المخطط الإرشادي للمسجد النبوي ومرافقه وفنادق المنطقة المركزية,1448هـ / 2026م,رسمي موثق / Official Verified,تمت مطابقة الاسم ورقم الموقع من المخطط المرفق؛ الترخيص التجاري يحتاج تحققًا مستقلاً
مراج طيبة,208,200,المدينة المنورة,المنطقة المركزية,المنطقة المركزية / Central Zone,المخطط الإرشادي للمسجد النبوي ومرافقه وفنادق المنطقة المركزية,1448هـ / 2026م,رسمي موثق / Official Verified,تمت مطابقة الاسم ورقم الموقع من المخطط المرفق؛ الترخيص التجاري يحتاج تحققًا مستقلاً
مرجان المدينة,210,200,المدينة المنورة,المنطقة المركزية,المنطقة المركزية / Central Zone,المخطط الإرشادي للمسجد النبوي ومرافقه وفنادق المنطقة المركزية,1448هـ / 2026م,رسمي موثق / Official Verified,تمت مطابقة الاسم ورقم الموقع من المخطط المرفق؛ الترخيص التجاري يحتاج تحققًا مستقلاً
مسك البلد,136,100,المدينة المنورة,المنطقة المركزية,المنطقة المركزية / Central Zone,المخطط الإرشادي للمسجد النبوي ومرافقه وفنادق المنطقة المركزية,1448هـ / 2026م,رسمي موثق / Official Verified,تمت مطابقة الاسم ورقم الموقع من المخطط المرفق؛ الترخيص التجاري يحتاج تحققًا مستقلاً
صفوة المدينة,119,100,المدينة المنورة,المنطقة المركزية,المنطقة المركزية / Central Zone,المخطط الإرشادي للمسجد النبوي ومرافقه وفنادق المنطقة المركزية,1448هـ / 2026م,رسمي موثق / Official Verified,تمت مطابقة الاسم ورقم الموقع من المخطط المرفق؛ الترخيص التجاري يحتاج تحققًا مستقلاً
معين طيبة,353,300,المدينة المنورة,المنطقة المركزية,المنطقة المركزية / Central Zone,المخطط الإرشادي للمسجد النبوي ومرافقه وفنادق المنطقة المركزية,1448هـ / 2026م,رسمي موثق / Official Verified,تمت مطابقة الاسم ورقم الموقع من المخطط المرفق؛ الترخيص التجاري يحتاج تحققًا مستقلاً
مكارم أجنحة إطلالة الحرم,156,100,المدينة المنورة,المنطقة المركزية,المنطقة المركزية / Central Zone,المخطط الإرشادي للمسجد النبوي ومرافقه وفنادق المنطقة المركزية,1448هـ / 2026م,رسمي موثق / Official Verified,تمت مطابقة الاسم ورقم الموقع من المخطط المرفق؛ الترخيص التجاري يحتاج تحققًا مستقلاً
مكارم برج المدينة,151,100,المدينة المنورة,المنطقة المركزية,المنطقة المركزية / Central Zone,المخطط الإرشادي للمسجد النبوي ومرافقه وفنادق المنطقة المركزية,1448هـ / 2026م,رسمي موثق / Official Verified,تمت مطابقة الاسم ورقم الموقع من المخطط المرفق؛ الترخيص التجاري يحتاج تحققًا مستقلاً
حياة الذهبي,220,200,المدينة المنورة,المنطقة المركزية,المنطقة المركزية / Central Zone,المخطط الإرشادي للمسجد النبوي ومرافقه وفنادق المنطقة المركزية,1448هـ / 2026م,رسمي موثق / Official Verified,تمت مطابقة الاسم ورقم الموقع من المخطط المرفق؛ الترخيص التجاري يحتاج تحققًا مستقلاً
حياة الماسي,385,300,المدينة المنورة,المنطقة المركزية,المنطقة المركزية / Central Zone,المخطط الإرشادي للمسجد النبوي ومرافقه وفنادق المنطقة المركزية,1448هـ / 2026م,رسمي موثق / Official Verified,تمت مطابقة الاسم ورقم الموقع من المخطط المرفق؛ الترخيص التجاري يحتاج تحققًا مستقلاً
حياة الهدى,245,200,المدينة المنورة,المنطقة المركزية,المنطقة المركزية / Central Zone,المخطط الإرشادي للمسجد النبوي ومرافقه وفنادق المنطقة المركزية,1448هـ / 2026م,رسمي موثق / Official Verified,تمت مطابقة الاسم ورقم الموقع من المخطط المرفق؛ الترخيص التجاري يحتاج تحققًا مستقلاً
حياة الواحة,404,400,المدينة المنورة,المنطقة المركزية,المنطقة المركزية / Central Zone,المخطط الإرشادي للمسجد النبوي ومرافقه وفنادق المنطقة المركزية,1448هـ / 2026م,رسمي موثق / Official Verified,تمت مطابقة الاسم ورقم الموقع من المخطط المرفق؛ الترخيص التجاري يحتاج تحققًا مستقلاً
حياة بلازا,419,400,المدينة المنورة,المنطقة المركزية,المنطقة المركزية / Central Zone,المخطط الإرشادي للمسجد النبوي ومرافقه وفنادق المنطقة المركزية,1448هـ / 2026م,رسمي موثق / Official Verified,تمت مطابقة الاسم ورقم الموقع من المخطط المرفق؛ الترخيص التجاري يحتاج تحققًا مستقلاً
حياة جراند,331,300,المدينة المنورة,المنطقة المركزية,المنطقة المركزية / Central Zone,المخطط الإرشادي للمسجد النبوي ومرافقه وفنادق المنطقة المركزية,1448هـ / 2026م,رسمي موثق / Official Verified,تمت مطابقة الاسم ورقم الموقع من المخطط المرفق؛ الترخيص التجاري يحتاج تحققًا مستقلاً
دار الإيمان الحرم,109,100,المدينة المنورة,المنطقة المركزية,المنطقة المركزية / Central Zone,المخطط الإرشادي للمسجد النبوي ومرافقه وفنادق المنطقة المركزية,1448هـ / 2026م,رسمي موثق / Official Verified,تمت مطابقة الاسم ورقم الموقع من المخطط المرفق؛ الترخيص التجاري يحتاج تحققًا مستقلاً
دار الإيمان إنتركونتيننتال,158,100,المدينة المنورة,المنطقة المركزية,المنطقة المركزية / Central Zone,المخطط الإرشادي للمسجد النبوي ومرافقه وفنادق المنطقة المركزية,1448هـ / 2026م,رسمي موثق / Official Verified,تمت مطابقة الاسم ورقم الموقع من المخطط المرفق؛ الترخيص التجاري يحتاج تحققًا مستقلاً
دار التقوى,103,100,المدينة المنورة,المنطقة المركزية,المنطقة المركزية / Central Zone,المخطط الإرشادي للمسجد النبوي ومرافقه وفنادق المنطقة المركزية,1448هـ / 2026م,رسمي موثق / Official Verified,تمت مطابقة الاسم ورقم الموقع من المخطط المرفق؛ الترخيص التجاري يحتاج تحققًا مستقلاً
دار الهجرة إنتركونتيننتال,125,100,المدينة المنورة,المنطقة المركزية,المنطقة المركزية / Central Zone,المخطط الإرشادي للمسجد النبوي ومرافقه وفنادق المنطقة المركزية,1448هـ / 2026م,رسمي موثق / Official Verified,تمت مطابقة الاسم ورقم الموقع من المخطط المرفق؛ الترخيص التجاري يحتاج تحققًا مستقلاً
درة الإيمان,134,100,المدينة المنورة,المنطقة المركزية,المنطقة المركزية / Central Zone,المخطط الإرشادي للمسجد النبوي ومرافقه وفنادق المنطقة المركزية,1448هـ / 2026م,رسمي موثق / Official Verified,تمت مطابقة الاسم ورقم الموقع من المخطط المرفق؛ الترخيص التجاري يحتاج تحققًا مستقلاً
درة المدينة,436,400,المدينة المنورة,المنطقة المركزية,المنطقة المركزية / Central Zone,المخطط الإرشادي للمسجد النبوي ومرافقه وفنادق المنطقة المركزية,1448هـ / 2026م,رسمي موثق / Official Verified,تمت مطابقة الاسم ورقم الموقع من المخطط المرفق؛ الترخيص التجاري يحتاج تحققًا مستقلاً
درة طابة,462,400,المدينة المنورة,المنطقة المركزية,المنطقة المركزية / Central Zone,المخطط الإرشادي للمسجد النبوي ومرافقه وفنادق المنطقة المركزية,1448هـ / 2026م,رسمي موثق / Official Verified,تمت مطابقة الاسم ورقم الموقع من المخطط المرفق؛ الترخيص التجاري يحتاج تحققًا مستقلاً
دلة طيبة,114,100,المدينة المنورة,المنطقة المركزية,المنطقة المركزية / Central Zone,المخطط الإرشادي للمسجد النبوي ومرافقه وفنادق المنطقة المركزية,1448هـ / 2026م,رسمي موثق / Official Verified,تمت مطابقة الاسم ورقم الموقع من المخطط المرفق؛ الترخيص التجاري يحتاج تحققًا مستقلاً
ديار الإيمان,141,100,المدينة المنورة,المنطقة المركزية,المنطقة المركزية / Central Zone,المخطط الإرشادي للمسجد النبوي ومرافقه وفنادق المنطقة المركزية,1448هـ / 2026م,رسمي موثق / Official Verified,تمت مطابقة الاسم ورقم الموقع من المخطط المرفق؛ الترخيص التجاري يحتاج تحققًا مستقلاً
ديار التقوى,218,200,المدينة المنورة,المنطقة المركزية,المنطقة المركزية / Central Zone,المخطط الإرشادي للمسجد النبوي ومرافقه وفنادق المنطقة المركزية,1448هـ / 2026م,رسمي موثق / Official Verified,تمت مطابقة الاسم ورقم الموقع من المخطط المرفق؛ الترخيص التجاري يحتاج تحققًا مستقلاً
ديار الحبيب,461,400,المدينة المنورة,المنطقة المركزية,المنطقة المركزية / Central Zone,المخطط الإرشادي للمسجد النبوي ومرافقه وفنادق المنطقة المركزية,1448هـ / 2026م,رسمي موثق / Official Verified,تمت مطابقة الاسم ورقم الموقع من المخطط المرفق؛ الترخيص التجاري يحتاج تحققًا مستقلاً
ديار السلام الفضي,208,200,المدينة المنورة,المنطقة المركزية,المنطقة المركزية / Central Zone,المخطط الإرشادي للمسجد النبوي ومرافقه وفنادق المنطقة المركزية,1448هـ / 2026م,رسمي موثق / Official Verified,تمت مطابقة الاسم ورقم الموقع من المخطط المرفق؛ الترخيص التجاري يحتاج تحققًا مستقلاً
ديار المدينة,379,300,المدينة المنورة,المنطقة المركزية,المنطقة المركزية / Central Zone,المخطط الإرشادي للمسجد النبوي ومرافقه وفنادق المنطقة المركزية,1448هـ / 2026م,رسمي موثق / Official Verified,تمت مطابقة الاسم ورقم الموقع من المخطط المرفق؛ الترخيص التجاري يحتاج تحققًا مستقلاً
ديار النخيل,339,300,المدينة المنورة,المنطقة المركزية,المنطقة المركزية / Central Zone,المخطط الإرشادي للمسجد النبوي ومرافقه وفنادق المنطقة المركزية,1448هـ / 2026م,رسمي موثق / Official Verified,تمت مطابقة الاسم ورقم الموقع من المخطط المرفق؛ الترخيص التجاري يحتاج تحققًا مستقلاً
ديار الهدى,330,300,المدينة المنورة,المنطقة المركزية,المنطقة المركزية / Central Zone,المخطط الإرشادي للمسجد النبوي ومرافقه وفنادق المنطقة المركزية,1448هـ / 2026م,رسمي موثق / Official Verified,تمت مطابقة الاسم ورقم الموقع من المخطط المرفق؛ الترخيص التجاري يحتاج تحققًا مستقلاً
ديار عجوة تابيستري هيلتون,159,100,المدينة المنورة,المنطقة المركزية,المنطقة المركزية / Central Zone,المخطط الإرشادي للمسجد النبوي ومرافقه وفنادق المنطقة المركزية,1448هـ / 2026م,رسمي موثق / Official Verified,تمت مطابقة الاسم ورقم الموقع من المخطط المرفق؛ الترخيص التجاري يحتاج تحققًا مستقلاً
ديار واحة النزيل,228,200,المدينة المنورة,المنطقة المركزية,المنطقة المركزية / Central Zone,المخطط الإرشادي للمسجد النبوي ومرافقه وفنادق المنطقة المركزية,1448هـ / 2026م,رسمي موثق / Official Verified,تمت مطابقة الاسم ورقم الموقع من المخطط المرفق؛ الترخيص التجاري يحتاج تحققًا مستقلاً
ديوان الهجرة,337,300,المدينة المنورة,المنطقة المركزية,المنطقة المركزية / Central Zone,المخطط الإرشادي للمسجد النبوي ومرافقه وفنادق المنطقة المركزية,1448هـ / 2026م,رسمي موثق / Official Verified,تمت مطابقة الاسم ورقم الموقع من المخطط المرفق؛ الترخيص التجاري يحتاج تحققًا مستقلاً
ديوان المدينة,474,400,المدينة المنورة,المنطقة المركزية,المنطقة المركزية / Central Zone,المخطط الإرشادي للمسجد النبوي ومرافقه وفنادق المنطقة المركزية,1448هـ / 2026م,رسمي موثق / Official Verified,تمت مطابقة الاسم ورقم الموقع من المخطط المرفق؛ الترخيص التجاري يحتاج تحققًا مستقلاً
ديوان روز,314,300,المدينة المنورة,المنطقة المركزية,المنطقة المركزية / Central Zone,المخطط الإرشادي للمسجد النبوي ومرافقه وفنادق المنطقة المركزية,1448هـ / 2026م,رسمي موثق / Official Verified,تمت مطابقة الاسم ورقم الموقع من المخطط المرفق؛ الترخيص التجاري يحتاج تحققًا مستقلاً
أروية الصفوة الذهبي,159,100,المدينة المنورة,المنطقة المركزية,المنطقة المركزية / Central Zone,المخطط الإرشادي للمسجد النبوي ومرافقه وفنادق المنطقة المركزية,1448هـ / 2026م,رسمي موثق / Official Verified,تمت مطابقة الاسم ورقم الموقع من المخطط المرفق؛ الترخيص التجاري يحتاج تحققًا مستقلاً
رحاب هارموني,384,300,المدينة المنورة,المنطقة المركزية,المنطقة المركزية / Central Zone,المخطط الإرشادي للمسجد النبوي ومرافقه وفنادق المنطقة المركزية,1448هـ / 2026م,رسمي موثق / Official Verified,تمت مطابقة الاسم ورقم الموقع من المخطط المرفق؛ الترخيص التجاري يحتاج تحققًا مستقلاً
روابي الزهراء,300,300,المدينة المنورة,المنطقة المركزية,المنطقة المركزية / Central Zone,المخطط الإرشادي للمسجد النبوي ومرافقه وفنادق المنطقة المركزية,1448هـ / 2026م,رسمي موثق / Official Verified,تمت مطابقة الاسم ورقم الموقع من المخطط المرفق؛ الترخيص التجاري يحتاج تحققًا مستقلاً
روتانا المسك,124,100,المدينة المنورة,المنطقة المركزية,المنطقة المركزية / Central Zone,المخطط الإرشادي للمسجد النبوي ومرافقه وفنادق المنطقة المركزية,1448هـ / 2026م,رسمي موثق / Official Verified,تمت مطابقة الاسم ورقم الموقع من المخطط المرفق؛ الترخيص التجاري يحتاج تحققًا مستقلاً
روز هوليداي 1,358,300,المدينة المنورة,المنطقة المركزية,المنطقة المركزية / Central Zone,المخطط الإرشادي للمسجد النبوي ومرافقه وفنادق المنطقة المركزية,1448هـ / 2026م,رسمي موثق / Official Verified,تمت مطابقة الاسم ورقم الموقع من المخطط المرفق؛ الترخيص التجاري يحتاج تحققًا مستقلاً
روز هوليداي 2,352,300,المدينة المنورة,المنطقة المركزية,المنطقة المركزية / Central Zone,المخطط الإرشادي للمسجد النبوي ومرافقه وفنادق المنطقة المركزية,1448هـ / 2026م,رسمي موثق / Official Verified,تمت مطابقة الاسم ورقم الموقع من المخطط المرفق؛ الترخيص التجاري يحتاج تحققًا مستقلاً
روز هوليداي 3,468,400,المدينة المنورة,المنطقة المركزية,المنطقة المركزية / Central Zone,المخطط الإرشادي للمسجد النبوي ومرافقه وفنادق المنطقة المركزية,1448هـ / 2026م,رسمي موثق / Official Verified,تمت مطابقة الاسم ورقم الموقع من المخطط المرفق؛ الترخيص التجاري يحتاج تحققًا مستقلاً
المختارة العالمي,178,100,المدينة المنورة,المنطقة المركزية,المنطقة المركزية / Central Zone,المخطط الإرشادي للمسجد النبوي ومرافقه وفنادق المنطقة المركزية,1448هـ / 2026م,رسمي موثق / Official Verified,تمت مطابقة الاسم ورقم الموقع من المخطط المرفق؛ الترخيص التجاري يحتاج تحققًا مستقلاً
المختارة الغربي,214,200,المدينة المنورة,المنطقة المركزية,المنطقة المركزية / Central Zone,المخطط الإرشادي للمسجد النبوي ومرافقه وفنادق المنطقة المركزية,1448هـ / 2026م,رسمي موثق / Official Verified,تمت مطابقة الاسم ورقم الموقع من المخطط المرفق؛ الترخيص التجاري يحتاج تحققًا مستقلاً
المختارة الماسي,359,300,المدينة المنورة,المنطقة المركزية,المنطقة المركزية / Central Zone,المخطط الإرشادي للمسجد النبوي ومرافقه وفنادق المنطقة المركزية,1448هـ / 2026م,رسمي موثق / Official Verified,تمت مطابقة الاسم ورقم الموقع من المخطط المرفق؛ الترخيص التجاري يحتاج تحققًا مستقلاً
المختارة بلازا,470,400,المدينة المنورة,المنطقة المركزية,المنطقة المركزية / Central Zone,المخطط الإرشادي للمسجد النبوي ومرافقه وفنادق المنطقة المركزية,1448هـ / 2026م,رسمي موثق / Official Verified,تمت مطابقة الاسم ورقم الموقع من المخطط المرفق؛ الترخيص التجاري يحتاج تحققًا مستقلاً
أبراج طابة,166,100,المدينة المنورة,المنطقة المركزية,المنطقة المركزية / Central Zone,المخطط الإرشادي للمسجد النبوي ومرافقه وفنادق المنطقة المركزية,1448هـ / 2026م,رسمي موثق / Official Verified,تمت مطابقة الاسم ورقم الموقع من المخطط المرفق؛ الترخيص التجاري يحتاج تحققًا مستقلاً
أبراج طابة الفضي,333,300,المدينة المنورة,المنطقة المركزية,المنطقة المركزية / Central Zone,المخطط الإرشادي للمسجد النبوي ومرافقه وفنادق المنطقة المركزية,1448هـ / 2026م,رسمي موثق / Official Verified,تمت مطابقة الاسم ورقم الموقع من المخطط المرفق؛ الترخيص التجاري يحتاج تحققًا مستقلاً
أجنحة الروضة الفاخرة,116,100,المدينة المنورة,المنطقة المركزية,المنطقة المركزية / Central Zone,المخطط الإرشادي للمسجد النبوي ومرافقه وفنادق المنطقة المركزية,1448هـ / 2026م,رسمي موثق / Official Verified,تمت مطابقة الاسم ورقم الموقع من المخطط المرفق؛ الترخيص التجاري يحتاج تحققًا مستقلاً
أرجوان الذهبي,256,200,المدينة المنورة,المنطقة المركزية,المنطقة المركزية / Central Zone,المخطط الإرشادي للمسجد النبوي ومرافقه وفنادق المنطقة المركزية,1448هـ / 2026م,رسمي موثق / Official Verified,تمت مطابقة الاسم ورقم الموقع من المخطط المرفق؛ الترخيص التجاري يحتاج تحققًا مستقلاً
أرجوان السعادة,212,200,المدينة المنورة,المنطقة المركزية,المنطقة المركزية / Central Zone,المخطط الإرشادي للمسجد النبوي ومرافقه وفنادق المنطقة المركزية,1448هـ / 2026م,رسمي موثق / Official Verified,تمت مطابقة الاسم ورقم الموقع من المخطط المرفق؛ الترخيص التجاري يحتاج تحققًا مستقلاً
أرجوان السلام,323,300,المدينة المنورة,المنطقة المركزية,المنطقة المركزية / Central Zone,المخطط الإرشادي للمسجد النبوي ومرافقه وفنادق المنطقة المركزية,1448هـ / 2026م,رسمي موثق / Official Verified,تمت مطابقة الاسم ورقم الموقع من المخطط المرفق؛ الترخيص التجاري يحتاج تحققًا مستقلاً
أرجوان المدينة,318,300,المدينة المنورة,المنطقة المركزية,المنطقة المركزية / Central Zone,المخطط الإرشادي للمسجد النبوي ومرافقه وفنادق المنطقة المركزية,1448هـ / 2026م,رسمي موثق / Official Verified,تمت مطابقة الاسم ورقم الموقع من المخطط المرفق؛ الترخيص التجاري يحتاج تحققًا مستقلاً
أرجوان روز,329,300,المدينة المنورة,المنطقة المركزية,المنطقة المركزية / Central Zone,المخطط الإرشادي للمسجد النبوي ومرافقه وفنادق المنطقة المركزية,1448هـ / 2026م,رسمي موثق / Official Verified,تمت مطابقة الاسم ورقم الموقع من المخطط المرفق؛ الترخيص التجاري يحتاج تحققًا مستقلاً
أركان الذهبي,118,100,المدينة المنورة,المنطقة المركزية,المنطقة المركزية / Central Zone,المخطط الإرشادي للمسجد النبوي ومرافقه وفنادق المنطقة المركزية,1448هـ / 2026م,رسمي موثق / Official Verified,تمت مطابقة الاسم ورقم الموقع من المخطط المرفق؛ الترخيص التجاري يحتاج تحققًا مستقلاً
أركان المنار,169,100,المدينة المنورة,المنطقة المركزية,المنطقة المركزية / Central Zone,المخطط الإرشادي للمسجد النبوي ومرافقه وفنادق المنطقة المركزية,1448هـ / 2026م,رسمي موثق / Official Verified,تمت مطابقة الاسم ورقم الموقع من المخطط المرفق؛ الترخيص التجاري يحتاج تحققًا مستقلاً
أريك طيبة,223,200,المدينة المنورة,المنطقة المركزية,المنطقة المركزية / Central Zone,المخطط الإرشادي للمسجد النبوي ومرافقه وفنادق المنطقة المركزية,1448هـ / 2026م,رسمي موثق / Official Verified,تمت مطابقة الاسم ورقم الموقع من المخطط المرفق؛ الترخيص التجاري يحتاج تحققًا مستقلاً
أزهار سلسبيل,349,300,المدينة المنورة,المنطقة المركزية,المنطقة المركزية / Central Zone,المخطط الإرشادي للمسجد النبوي ومرافقه وفنادق المنطقة المركزية,1448هـ / 2026م,رسمي موثق / Official Verified,تمت مطابقة الاسم ورقم الموقع من المخطط المرفق؛ الترخيص التجاري يحتاج تحققًا مستقلاً
أمجاد السلام,122,100,المدينة المنورة,المنطقة المركزية,المنطقة المركزية / Central Zone,المخطط الإرشادي للمسجد النبوي ومرافقه وفنادق المنطقة المركزية,1448هـ / 2026م,رسمي موثق / Official Verified,تمت مطابقة الاسم ورقم الموقع من المخطط المرفق؛ الترخيص التجاري يحتاج تحققًا مستقلاً
أمجاد الغراء,215,200,المدينة المنورة,المنطقة المركزية,المنطقة المركزية / Central Zone,المخطط الإرشادي للمسجد النبوي ومرافقه وفنادق المنطقة المركزية,1448هـ / 2026م,رسمي موثق / Official Verified,تمت مطابقة الاسم ورقم الموقع من المخطط المرفق؛ الترخيص التجاري يحتاج تحققًا مستقلاً
أستونيس طيبة,126,100,المدينة المنورة,المنطقة المركزية,المنطقة المركزية / Central Zone,المخطط الإرشادي للمسجد النبوي ومرافقه وفنادق المنطقة المركزية,1448هـ / 2026م,رسمي موثق / Official Verified,تمت مطابقة الاسم ورقم الموقع من المخطط المرفق؛ الترخيص التجاري يحتاج تحققًا مستقلاً
أنتيرا من كونتيننتال,125,100,المدينة المنورة,المنطقة المركزية,المنطقة المركزية / Central Zone,المخطط الإرشادي للمسجد النبوي ومرافقه وفنادق المنطقة المركزية,1448هـ / 2026م,رسمي موثق / Official Verified,تمت مطابقة الاسم ورقم الموقع من المخطط المرفق؛ الترخيص التجاري يحتاج تحققًا مستقلاً
إعمار إيليت,165,100,المدينة المنورة,المنطقة المركزية,المنطقة المركزية / Central Zone,المخطط الإرشادي للمسجد النبوي ومرافقه وفنادق المنطقة المركزية,1448هـ / 2026م,رسمي موثق / Official Verified,تمت مطابقة الاسم ورقم الموقع من المخطط المرفق؛ الترخيص التجاري يحتاج تحققًا مستقلاً
إعمار رويال,123,100,المدينة المنورة,المنطقة المركزية,المنطقة المركزية / Central Zone,المخطط الإرشادي للمسجد النبوي ومرافقه وفنادق المنطقة المركزية,1448هـ / 2026م,رسمي موثق / Official Verified,تمت مطابقة الاسم ورقم الموقع من المخطط المرفق؛ الترخيص التجاري يحتاج تحققًا مستقلاً
إعمار طيبة,335,300,المدينة المنورة,المنطقة المركزية,المنطقة المركزية / Central Zone,المخطط الإرشادي للمسجد النبوي ومرافقه وفنادق المنطقة المركزية,1448هـ / 2026م,رسمي موثق / Official Verified,تمت مطابقة الاسم ورقم الموقع من المخطط المرفق؛ الترخيص التجاري يحتاج تحققًا مستقلاً
إعمار مكان,206,200,المدينة المنورة,المنطقة المركزية,المنطقة المركزية / Central Zone,المخطط الإرشادي للمسجد النبوي ومرافقه وفنادق المنطقة المركزية,1448هـ / 2026م,رسمي موثق / Official Verified,تمت مطابقة الاسم ورقم الموقع من المخطط المرفق؛ الترخيص التجاري يحتاج تحققًا مستقلاً
أنوار الزهراء,387,300,المدينة المنورة,المنطقة المركزية,المنطقة المركزية / Central Zone,المخطط الإرشادي للمسجد النبوي ومرافقه وفنادق المنطقة المركزية,1448هـ / 2026م,رسمي موثق / Official Verified,تمت مطابقة الاسم ورقم الموقع من المخطط المرفق؛ الترخيص التجاري يحتاج تحققًا مستقلاً
أنوار المدينة موفنبيك,163,100,المدينة المنورة,المنطقة المركزية,المنطقة المركزية / Central Zone,المخطط الإرشادي للمسجد النبوي ومرافقه وفنادق المنطقة المركزية,1448هـ / 2026م,رسمي موثق / Official Verified,تمت مطابقة الاسم ورقم الموقع من المخطط المرفق؛ الترخيص التجاري يحتاج تحققًا مستقلاً
أودست المدينة,137,100,المدينة المنورة,المنطقة المركزية,المنطقة المركزية / Central Zone,المخطط الإرشادي للمسجد النبوي ومرافقه وفنادق المنطقة المركزية,1448هـ / 2026م,رسمي موثق / Official Verified,تمت مطابقة الاسم ورقم الموقع من المخطط المرفق؛ الترخيص التجاري يحتاج تحققًا مستقلاً
إيلاف التقوى,401,400,المدينة المنورة,المنطقة المركزية,المنطقة المركزية / Central Zone,المخطط الإرشادي للمسجد النبوي ومرافقه وفنادق المنطقة المركزية,1448هـ / 2026م,رسمي موثق / Official Verified,تمت مطابقة الاسم ورقم الموقع من المخطط المرفق؛ الترخيص التجاري يحتاج تحققًا مستقلاً
إيلاف طيبة,164,100,المدينة المنورة,المنطقة المركزية,المنطقة المركزية / Central Zone,المخطط الإرشادي للمسجد النبوي ومرافقه وفنادق المنطقة المركزية,1448هـ / 2026م,رسمي موثق / Official Verified,تمت مطابقة الاسم ورقم الموقع من المخطط المرفق؛ الترخيص التجاري يحتاج تحققًا مستقلاً
الأمان العربية,102,100,المدينة المنورة,المنطقة المركزية,المنطقة المركزية / Central Zone,المخطط الإرشادي للمسجد النبوي ومرافقه وفنادق المنطقة المركزية,1448هـ / 2026م,رسمي موثق / Official Verified,تمت مطابقة الاسم ورقم الموقع من المخطط المرفق؛ الترخيص التجاري يحتاج تحققًا مستقلاً
الأندلس الفاخر,140,100,المدينة المنورة,المنطقة المركزية,المنطقة المركزية / Central Zone,المخطط الإرشادي للمسجد النبوي ومرافقه وفنادق المنطقة المركزية,1448هـ / 2026م,رسمي موثق / Official Verified,تمت مطابقة الاسم ورقم الموقع من المخطط المرفق؛ الترخيص التجاري يحتاج تحققًا مستقلاً
الأندلس الماسي,471,400,المدينة المنورة,المنطقة المركزية,المنطقة المركزية / Central Zone,المخطط الإرشادي للمسجد النبوي ومرافقه وفنادق المنطقة المركزية,1448هـ / 2026م,رسمي موثق / Official Verified,تمت مطابقة الاسم ورقم الموقع من المخطط المرفق؛ الترخيص التجاري يحتاج تحققًا مستقلاً
الأندلس المدينة,254,200,المدينة المنورة,المنطقة المركزية,المنطقة المركزية / Central Zone,المخطط الإرشادي للمسجد النبوي ومرافقه وفنادق المنطقة المركزية,1448هـ / 2026م,رسمي موثق / Official Verified,تمت مطابقة الاسم ورقم الموقع من المخطط المرفق؛ الترخيص التجاري يحتاج تحققًا مستقلاً
الأندلس بلازا,253,200,المدينة المنورة,المنطقة المركزية,المنطقة المركزية / Central Zone,المخطط الإرشادي للمسجد النبوي ومرافقه وفنادق المنطقة المركزية,1448هـ / 2026م,رسمي موثق / Official Verified,تمت مطابقة الاسم ورقم الموقع من المخطط المرفق؛ الترخيص التجاري يحتاج تحققًا مستقلاً
الأندلس دار السلام,361,300,المدينة المنورة,المنطقة المركزية,المنطقة المركزية / Central Zone,المخطط الإرشادي للمسجد النبوي ومرافقه وفنادق المنطقة المركزية,1448هـ / 2026م,رسمي موثق / Official Verified,تمت مطابقة الاسم ورقم الموقع من المخطط المرفق؛ الترخيص التجاري يحتاج تحققًا مستقلاً
الأنصار بلاتينوم,141,100,المدينة المنورة,المنطقة المركزية,المنطقة المركزية / Central Zone,المخطط الإرشادي للمسجد النبوي ومرافقه وفنادق المنطقة المركزية,1448هـ / 2026م,رسمي موثق / Official Verified,تمت مطابقة الاسم ورقم الموقع من المخطط المرفق؛ الترخيص التجاري يحتاج تحققًا مستقلاً
الأنصار جولدن توليب,142,100,المدينة المنورة,المنطقة المركزية,المنطقة المركزية / Central Zone,المخطط الإرشادي للمسجد النبوي ومرافقه وفنادق المنطقة المركزية,1448هـ / 2026م,رسمي موثق / Official Verified,تمت مطابقة الاسم ورقم الموقع من المخطط المرفق؛ الترخيص التجاري يحتاج تحققًا مستقلاً
المروة كريم,334,300,المدينة المنورة,المنطقة المركزية,المنطقة المركزية / Central Zone,المخطط الإرشادي للمسجد النبوي ومرافقه وفنادق المنطقة المركزية,1448هـ / 2026م,رسمي موثق / Official Verified,تمت مطابقة الاسم ورقم الموقع من المخطط المرفق؛ الترخيص التجاري يحتاج تحققًا مستقلاً
البسفور,306,300,المدينة المنورة,المنطقة المركزية,المنطقة المركزية / Central Zone,المخطط الإرشادي للمسجد النبوي ومرافقه وفنادق المنطقة المركزية,1448هـ / 2026م,رسمي موثق / Official Verified,تمت مطابقة الاسم ورقم الموقع من المخطط المرفق؛ الترخيص التجاري يحتاج تحققًا مستقلاً
البسفور 2,446,400,المدينة المنورة,المنطقة المركزية,المنطقة المركزية / Central Zone,المخطط الإرشادي للمسجد النبوي ومرافقه وفنادق المنطقة المركزية,1448هـ / 2026م,رسمي موثق / Official Verified,تمت مطابقة الاسم ورقم الموقع من المخطط المرفق؛ الترخيص التجاري يحتاج تحققًا مستقلاً
الحياة العالمي,175,100,المدينة المنورة,المنطقة المركزية,المنطقة المركزية / Central Zone,المخطط الإرشادي للمسجد النبوي ومرافقه وفنادق المنطقة المركزية,1448هـ / 2026م,رسمي موثق / Official Verified,تمت مطابقة الاسم ورقم الموقع من المخطط المرفق؛ الترخيص التجاري يحتاج تحققًا مستقلاً
الدار روافد توليب إن,219,200,المدينة المنورة,المنطقة المركزية,المنطقة المركزية / Central Zone,المخطط الإرشادي للمسجد النبوي ومرافقه وفنادق المنطقة المركزية,1448هـ / 2026م,رسمي موثق / Official Verified,تمت مطابقة الاسم ورقم الموقع من المخطط المرفق؛ الترخيص التجاري يحتاج تحققًا مستقلاً
الذهبي جولدن توليب,107,100,المدينة المنورة,المنطقة المركزية,المنطقة المركزية / Central Zone,المخطط الإرشادي للمسجد النبوي ومرافقه وفنادق المنطقة المركزية,1448هـ / 2026م,رسمي موثق / Official Verified,تمت مطابقة الاسم ورقم الموقع من المخطط المرفق؛ الترخيص التجاري يحتاج تحققًا مستقلاً
الريتز المدينة,148,100,المدينة المنورة,المنطقة المركزية,المنطقة المركزية / Central Zone,المخطط الإرشادي للمسجد النبوي ومرافقه وفنادق المنطقة المركزية,1448هـ / 2026م,رسمي موثق / Official Verified,تمت مطابقة الاسم ورقم الموقع من المخطط المرفق؛ الترخيص التجاري يحتاج تحققًا مستقلاً
الزهراء,248,200,المدينة المنورة,المنطقة المركزية,المنطقة المركزية / Central Zone,المخطط الإرشادي للمسجد النبوي ومرافقه وفنادق المنطقة المركزية,1448هـ / 2026م,رسمي موثق / Official Verified,تمت مطابقة الاسم ورقم الموقع من المخطط المرفق؛ الترخيص التجاري يحتاج تحققًا مستقلاً
السعفة,322,300,المدينة المنورة,المنطقة المركزية,المنطقة المركزية / Central Zone,المخطط الإرشادي للمسجد النبوي ومرافقه وفنادق المنطقة المركزية,1448هـ / 2026م,رسمي موثق / Official Verified,تمت مطابقة الاسم ورقم الموقع من المخطط المرفق؛ الترخيص التجاري يحتاج تحققًا مستقلاً
السعفة الذهبية,310,300,المدينة المنورة,المنطقة المركزية,المنطقة المركزية / Central Zone,المخطط الإرشادي للمسجد النبوي ومرافقه وفنادق المنطقة المركزية,1448هـ / 2026م,رسمي موثق / Official Verified,تمت مطابقة الاسم ورقم الموقع من المخطط المرفق؛ الترخيص التجاري يحتاج تحققًا مستقلاً
الشاكرين جولدن توليب,110,100,المدينة المنورة,المنطقة المركزية,المنطقة المركزية / Central Zone,المخطط الإرشادي للمسجد النبوي ومرافقه وفنادق المنطقة المركزية,1448هـ / 2026م,رسمي موثق / Official Verified,تمت مطابقة الاسم ورقم الموقع من المخطط المرفق؛ الترخيص التجاري يحتاج تحققًا مستقلاً
الشام الإقليمية - بروفنس,410,400,المدينة المنورة,المنطقة المركزية,المنطقة المركزية / Central Zone,المخطط الإرشادي للمسجد النبوي ومرافقه وفنادق المنطقة المركزية,1448هـ / 2026م,رسمي موثق / Official Verified,تمت مطابقة الاسم ورقم الموقع من المخطط المرفق؛ الترخيص التجاري يحتاج تحققًا مستقلاً
الفيروز الذهبي,146,100,المدينة المنورة,المنطقة المركزية,المنطقة المركزية / Central Zone,المخطط الإرشادي للمسجد النبوي ومرافقه وفنادق المنطقة المركزية,1448هـ / 2026م,رسمي موثق / Official Verified,تمت مطابقة الاسم ورقم الموقع من المخطط المرفق؛ الترخيص التجاري يحتاج تحققًا مستقلاً
الفيروز شذا,340,300,المدينة المنورة,المنطقة المركزية,المنطقة المركزية / Central Zone,المخطط الإرشادي للمسجد النبوي ومرافقه وفنادق المنطقة المركزية,1448هـ / 2026م,رسمي موثق / Official Verified,تمت مطابقة الاسم ورقم الموقع من المخطط المرفق؛ الترخيص التجاري يحتاج تحققًا مستقلاً
المحراب طيبة,106,100,المدينة المنورة,المنطقة المركزية,المنطقة المركزية / Central Zone,المخطط الإرشادي للمسجد النبوي ومرافقه وفنادق المنطقة المركزية,1448هـ / 2026م,رسمي موثق / Official Verified,تمت مطابقة الاسم ورقم الموقع من المخطط المرفق؛ الترخيص التجاري يحتاج تحققًا مستقلاً
المختارة الذهبي,354,300,المدينة المنورة,المنطقة المركزية,المنطقة المركزية / Central Zone,المخطط الإرشادي للمسجد النبوي ومرافقه وفنادق المنطقة المركزية,1448هـ / 2026م,رسمي موثق / Official Verified,تمت مطابقة الاسم ورقم الموقع من المخطط المرفق؛ الترخيص التجاري يحتاج تحققًا مستقلاً
المدينة الذهبي,414,400,المدينة المنورة,المنطقة المركزية,المنطقة المركزية / Central Zone,المخطط الإرشادي للمسجد النبوي ومرافقه وفنادق المنطقة المركزية,1448هـ / 2026م,رسمي موثق / Official Verified,تمت مطابقة الاسم ورقم الموقع من المخطط المرفق؛ الترخيص التجاري يحتاج تحققًا مستقلاً
المدينة هيلتون,150,100,المدينة المنورة,المنطقة المركزية,المنطقة المركزية / Central Zone,المخطط الإرشادي للمسجد النبوي ومرافقه وفنادق المنطقة المركزية,1448هـ / 2026م,رسمي موثق / Official Verified,تمت مطابقة الاسم ورقم الموقع من المخطط المرفق؛ الترخيص التجاري يحتاج تحققًا مستقلاً
المرسى,135,100,المدينة المنورة,المنطقة المركزية,المنطقة المركزية / Central Zone,المخطط الإرشادي للمسجد النبوي ومرافقه وفنادق المنطقة المركزية,1448هـ / 2026م,رسمي موثق / Official Verified,تمت مطابقة الاسم ورقم الموقع من المخطط المرفق؛ الترخيص التجاري يحتاج تحققًا مستقلاً
المناخة روتانا 1,373,300,المدينة المنورة,المنطقة المركزية,المنطقة المركزية / Central Zone,المخطط الإرشادي للمسجد النبوي ومرافقه وفنادق المنطقة المركزية,1448هـ / 2026م,رسمي موثق / Official Verified,تمت مطابقة الاسم ورقم الموقع من المخطط المرفق؛ الترخيص التجاري يحتاج تحققًا مستقلاً
المناخة روتانا 2,372,300,المدينة المنورة,المنطقة المركزية,المنطقة المركزية / Central Zone,المخطط الإرشادي للمسجد النبوي ومرافقه وفنادق المنطقة المركزية,1448هـ / 2026م,رسمي موثق / Official Verified,تمت مطابقة الاسم ورقم الموقع من المخطط المرفق؛ الترخيص التجاري يحتاج تحققًا مستقلاً
المنى كريم,122,100,المدينة المنورة,المنطقة المركزية,المنطقة المركزية / Central Zone,المخطط الإرشادي للمسجد النبوي ومرافقه وفنادق المنطقة المركزية,1448هـ / 2026م,رسمي موثق / Official Verified,تمت مطابقة الاسم ورقم الموقع من المخطط المرفق؛ الترخيص التجاري يحتاج تحققًا مستقلاً
بلازا إن أحد,332,300,المدينة المنورة,المنطقة المركزية,المنطقة المركزية / Central Zone,المخطط الإرشادي للمسجد النبوي ومرافقه وفنادق المنطقة المركزية,1448هـ / 2026م,رسمي موثق / Official Verified,تمت مطابقة الاسم ورقم الموقع من المخطط المرفق؛ الترخيص التجاري يحتاج تحققًا مستقلاً
بينسك وورث,127,100,المدينة المنورة,المنطقة المركزية,المنطقة المركزية / Central Zone,المخطط الإرشادي للمسجد النبوي ومرافقه وفنادق المنطقة المركزية,1448هـ / 2026م,رسمي موثق / Official Verified,تمت مطابقة الاسم ورقم الموقع من المخطط المرفق؛ الترخيص التجاري يحتاج تحققًا مستقلاً
بيلتمور المدينة,101,100,المدينة المنورة,المنطقة المركزية,المنطقة المركزية / Central Zone,المخطط الإرشادي للمسجد النبوي ومرافقه وفنادق المنطقة المركزية,1448هـ / 2026م,رسمي موثق / Official Verified,تمت مطابقة الاسم ورقم الموقع من المخطط المرفق؛ الترخيص التجاري يحتاج تحققًا مستقلاً
تاج ورد,446,400,المدينة المنورة,المنطقة المركزية,المنطقة المركزية / Central Zone,المخطط الإرشادي للمسجد النبوي ومرافقه وفنادق المنطقة المركزية,1448هـ / 2026م,رسمي موثق / Official Verified,تمت مطابقة الاسم ورقم الموقع من المخطط المرفق؛ الترخيص التجاري يحتاج تحققًا مستقلاً
جايدن,180,100,المدينة المنورة,المنطقة المركزية,المنطقة المركزية / Central Zone,المخطط الإرشادي للمسجد النبوي ومرافقه وفنادق المنطقة المركزية,1448هـ / 2026م,رسمي موثق / Official Verified,تمت مطابقة الاسم ورقم الموقع من المخطط المرفق؛ الترخيص التجاري يحتاج تحققًا مستقلاً
جراند الشهباء,367,300,المدينة المنورة,المنطقة المركزية,المنطقة المركزية / Central Zone,المخطط الإرشادي للمسجد النبوي ومرافقه وفنادق المنطقة المركزية,1448هـ / 2026م,رسمي موثق / Official Verified,تمت مطابقة الاسم ورقم الموقع من المخطط المرفق؛ الترخيص التجاري يحتاج تحققًا مستقلاً
جراند الصافي,350,300,المدينة المنورة,المنطقة المركزية,المنطقة المركزية / Central Zone,المخطط الإرشادي للمسجد النبوي ومرافقه وفنادق المنطقة المركزية,1448هـ / 2026م,رسمي موثق / Official Verified,تمت مطابقة الاسم ورقم الموقع من المخطط المرفق؛ الترخيص التجاري يحتاج تحققًا مستقلاً
جراند بلازا السلام,322,300,المدينة المنورة,المنطقة المركزية,المنطقة المركزية / Central Zone,المخطط الإرشادي للمسجد النبوي ومرافقه وفنادق المنطقة المركزية,1448هـ / 2026م,رسمي موثق / Official Verified,تمت مطابقة الاسم ورقم الموقع من المخطط المرفق؛ الترخيص التجاري يحتاج تحققًا مستقلاً
جراند بلازا بدر المقام,310,300,المدينة المنورة,المنطقة المركزية,المنطقة المركزية / Central Zone,المخطط الإرشادي للمسجد النبوي ومرافقه وفنادق المنطقة المركزية,1448هـ / 2026م,رسمي موثق / Official Verified,تمت مطابقة الاسم ورقم الموقع من المخطط المرفق؛ الترخيص التجاري يحتاج تحققًا مستقلاً
جراند زوار,110,100,المدينة المنورة,المنطقة المركزية,المنطقة المركزية / Central Zone,المخطط الإرشادي للمسجد النبوي ومرافقه وفنادق المنطقة المركزية,1448هـ / 2026م,رسمي موثق / Official Verified,تمت مطابقة الاسم ورقم الموقع من المخطط المرفق؛ الترخيص التجاري يحتاج تحققًا مستقلاً
جلنار طيبة,212,200,المدينة المنورة,المنطقة المركزية,المنطقة المركزية / Central Zone,المخطط الإرشادي للمسجد النبوي ومرافقه وفنادق المنطقة المركزية,1448هـ / 2026م,رسمي موثق / Official Verified,تمت مطابقة الاسم ورقم الموقع من المخطط المرفق؛ الترخيص التجاري يحتاج تحققًا مستقلاً
جوار الأندلس,436,400,المدينة المنورة,المنطقة المركزية,المنطقة المركزية / Central Zone,المخطط الإرشادي للمسجد النبوي ومرافقه وفنادق المنطقة المركزية,1448هـ / 2026م,رسمي موثق / Official Verified,تمت مطابقة الاسم ورقم الموقع من المخطط المرفق؛ الترخيص التجاري يحتاج تحققًا مستقلاً
جوار الساحة,113,100,المدينة المنورة,المنطقة المركزية,المنطقة المركزية / Central Zone,المخطط الإرشادي للمسجد النبوي ومرافقه وفنادق المنطقة المركزية,1448هـ / 2026م,رسمي موثق / Official Verified,تمت مطابقة الاسم ورقم الموقع من المخطط المرفق؛ الترخيص التجاري يحتاج تحققًا مستقلاً
جوار المدينة,428,400,المدينة المنورة,المنطقة المركزية,المنطقة المركزية / Central Zone,المخطط الإرشادي للمسجد النبوي ومرافقه وفنادق المنطقة المركزية,1448هـ / 2026م,رسمي موثق / Official Verified,تمت مطابقة الاسم ورقم الموقع من المخطط المرفق؛ الترخيص التجاري يحتاج تحققًا مستقلاً
جوار طيبة,375,300,المدينة المنورة,المنطقة المركزية,المنطقة المركزية / Central Zone,المخطط الإرشادي للمسجد النبوي ومرافقه وفنادق المنطقة المركزية,1448هـ / 2026م,رسمي موثق / Official Verified,تمت مطابقة الاسم ورقم الموقع من المخطط المرفق؛ الترخيص التجاري يحتاج تحققًا مستقلاً
