hotel_name,hotel_name_en,central_map_number,central_sector,city,district,zone_type,proximity_band,distance_to_haram_km,source_authority,source_url,source_map_edition,verification_status,source_notes
منار المنورة,Manar Al Munawwarah,422,400,المدينة المنورة,المنطقة المركزية,المنطقة المركزية / Central Zone,داخل المنطقة المركزية / Central Area,0,المخطط الإرشادي للمسجد النبوي ومرافقه وفنادق المنطقة المركزية,,1448هـ / 2026م,رسمي موثق / Official Verified,تمت مطابقة الاسم ورقم الموقع من المخطط المرفق؛ الترخيص التجاري يحتاج تحققًا مستقلاً
منازل الأسواق,Manazil Al Aswaq,431,400,المدينة المنورة,المنطقة المركزية,المنطقة المركزية / Central Zone,داخل المنطقة المركزية / Central Area,0,المخطط الإرشادي للمسجد النبوي ومرافقه وفنادق المنطقة المركزية,,1448هـ / 2026م,رسمي موثق / Official Verified,تمت مطابقة الاسم ورقم الموقع من المخطط المرفق؛ الترخيص التجاري يحتاج تحققًا مستقلاً
منازل التقوى,Manazil Al Taqwa,363,300,المدينة المنورة,المنطقة المركزية,المنطقة المركزية / Central Zone,داخل المنطقة المركزية / Central Area,0,المخطط الإرشادي للمسجد النبوي ومرافقه وفنادق المنطقة المركزية,,1448هـ / 2026م,رسمي موثق / Official Verified,تمت مطابقة الاسم ورقم الموقع من المخطط المرفق؛ الترخيص التجاري يحتاج تحققًا مستقلاً
منازل الحسن - زوار,منازل الحسن - زوار,230,200,المدينة المنورة,المنطقة المركزية,المنطقة المركزية / Central Zone,داخل المنطقة المركزية / Central Area,0,المخطط الإرشادي للمسجد النبوي ومرافقه وفنادق المنطقة المركزية,,1448هـ / 2026م,رسمي موثق / Official Verified,تمت مطابقة الاسم ورقم الموقع من المخطط المرفق؛ الترخيص التجاري يحتاج تحققًا مستقلاً
منازل الرحمة,منازل الرحمة,307,300,المدينة المنورة,المنطقة المركزية,المنطقة المركزية / Central Zone,داخل المنطقة المركزية / Central Area,0,المخطط الإرشادي للمسجد النبوي ومرافقه وفنادق المنطقة المركزية,,1448هـ / 2026م,رسمي موثق / Official Verified,تمت مطابقة الاسم ورقم الموقع من المخطط المرفق؛ الترخيص التجاري يحتاج تحققًا مستقلاً
منازل الزهراء - زوار,منازل الزهراء - زوار,231,200,المدينة المنورة,المنطقة المركزية,المنطقة المركزية / Central Zone,داخل المنطقة المركزية / Central Area,0,المخطط الإرشادي للمسجد النبوي ومرافقه وفنادق المنطقة المركزية,,1448هـ / 2026م,رسمي موثق / Official Verified,تمت مطابقة الاسم ورقم الموقع من المخطط المرفق؛ الترخيص التجاري يحتاج تحققًا مستقلاً
منازل الصادق - زوار,منازل الصادق - زوار,302,300,المدينة المنورة,المنطقة المركزية,المنطقة المركزية / Central Zone,داخل المنطقة المركزية / Central Area,0,المخطط الإرشادي للمسجد النبوي ومرافقه وفنادق المنطقة المركزية,,1448هـ / 2026م,رسمي موثق / Official Verified,تمت مطابقة الاسم ورقم الموقع من المخطط المرفق؛ الترخيص التجاري يحتاج تحققًا مستقلاً
منازل الصافية - زوار,منازل الصافية - زوار,418,400,المدينة المنورة,المنطقة المركزية,المنطقة المركزية / Central Zone,داخل المنطقة المركزية / Central Area,0,المخطط الإرشادي للمسجد النبوي ومرافقه وفنادق المنطقة المركزية,,1448هـ / 2026م,رسمي موثق / Official Verified,تمت مطابقة الاسم ورقم الموقع من المخطط المرفق؛ الترخيص التجاري يحتاج تحققًا مستقلاً
منازل الفلاح الذهبي,منازل الفلاح الذهبي,304,300,المدينة المنورة,المنطقة المركزية,المنطقة المركزية / Central Zone,داخل المنطقة المركزية / Central Area,0,المخطط الإرشادي للمسجد النبوي ومرافقه وفنادق المنطقة المركزية,,1448هـ / 2026م,رسمي موثق / Official Verified,تمت مطابقة الاسم ورقم الموقع من المخطط المرفق؛ الترخيص التجاري يحتاج تحققًا مستقلاً
منازل المدينة - زوار,منازل المدينة - زوار,415,400,المدينة المنورة,المنطقة المركزية,المنطقة المركزية / Central Zone,داخل المنطقة المركزية / Central Area,0,المخطط الإرشادي للمسجد النبوي ومرافقه وفنادق المنطقة المركزية,,1448هـ / 2026م,رسمي موثق / Official Verified,تمت مطابقة الاسم ورقم الموقع من المخطط المرفق؛ الترخيص التجاري يحتاج تحققًا مستقلاً
مياس,مياس,203,200,المدينة المنورة,المنطقة المركزية,المنطقة المركزية / Central Zone,داخل المنطقة المركزية / Central Area,0,المخطط الإرشادي للمسجد النبوي ومرافقه وفنادق المنطقة المركزية,,1448هـ / 2026م,رسمي موثق / Official Verified,تمت مطابقة الاسم ورقم الموقع من المخطط المرفق؛ الترخيص التجاري يحتاج تحققًا مستقلاً
مجمار,مجمار,303,300,المدينة المنورة,المنطقة المركزية,المنطقة المركزية / Central Zone,داخل المنطقة المركزية / Central Area,0,المخطط الإرشادي للمسجد النبوي ومرافقه وفنادق المنطقة المركزية,,1448هـ / 2026م,رسمي موثق / Official Verified,تمت مطابقة الاسم ورقم الموقع من المخطط المرفق؛ الترخيص التجاري يحتاج تحققًا مستقلاً
ميسان التقوى,ميسان التقوى,396,300,المدينة المنورة,المنطقة المركزية,المنطقة المركزية / Central Zone,داخل المنطقة المركزية / Central Area,0,المخطط الإرشادي للمسجد النبوي ومرافقه وفنادق المنطقة المركزية,,1448هـ / 2026م,رسمي موثق / Official Verified,تمت مطابقة الاسم ورقم الموقع من المخطط المرفق؛ الترخيص التجاري يحتاج تحققًا مستقلاً
ميسان الحارثية,ميسان الحارثية,155,100,المدينة المنورة,المنطقة المركزية,المنطقة المركزية / Central Zone,داخل المنطقة المركزية / Central Area,0,المخطط الإرشادي للمسجد النبوي ومرافقه وفنادق المنطقة المركزية,,1448هـ / 2026م,رسمي موثق / Official Verified,تمت مطابقة الاسم ورقم الموقع من المخطط المرفق؛ الترخيص التجاري يحتاج تحققًا مستقلاً
ميسان رحاب المسك,ميسان رحاب المسك,234,200,المدينة المنورة,المنطقة المركزية,المنطقة المركزية / Central Zone,داخل المنطقة المركزية / Central Area,0,المخطط الإرشادي للمسجد النبوي ومرافقه وفنادق المنطقة المركزية,,1448هـ / 2026م,رسمي موثق / Official Verified,تمت مطابقة الاسم ورقم الموقع من المخطط المرفق؛ الترخيص التجاري يحتاج تحققًا مستقلاً
ميلينيوم العقيق,ميلينيوم العقيق,154,100,المدينة المنورة,المنطقة المركزية,المنطقة المركزية / Central Zone,داخل المنطقة المركزية / Central Area,0,المخطط الإرشادي للمسجد النبوي ومرافقه وفنادق المنطقة المركزية,,1448هـ / 2026م,رسمي موثق / Official Verified,تمت مطابقة الاسم ورقم الموقع من المخطط المرفق؛ الترخيص التجاري يحتاج تحققًا مستقلاً
ميلينيوم طيبة,ميلينيوم طيبة,371,300,المدينة المنورة,المنطقة المركزية,المنطقة المركزية / Central Zone,داخل المنطقة المركزية / Central Area,0,المخطط الإرشادي للمسجد النبوي ومرافقه وفنادق المنطقة المركزية,,1448هـ / 2026م,رسمي موثق / Official Verified,تمت مطابقة الاسم ورقم الموقع من المخطط المرفق؛ الترخيص التجاري يحتاج تحققًا مستقلاً
نجوم المدينة,نجوم المدينة,374,300,المدينة المنورة,المنطقة المركزية,المنطقة المركزية / Central Zone,داخل المنطقة المركزية / Central Area,0,المخطط الإرشادي للمسجد النبوي ومرافقه وفنادق المنطقة المركزية,,1448هـ / 2026م,رسمي موثق / Official Verified,تمت مطابقة الاسم ورقم الموقع من المخطط المرفق؛ الترخيص التجاري يحتاج تحققًا مستقلاً
ندى السلام,ندى السلام,347,300,المدينة المنورة,المنطقة المركزية,المنطقة المركزية / Central Zone,داخل المنطقة المركزية / Central Area,0,المخطط الإرشادي للمسجد النبوي ومرافقه وفنادق المنطقة المركزية,,1448هـ / 2026م,رسمي موثق / Official Verified,تمت مطابقة الاسم ورقم الموقع من المخطط المرفق؛ الترخيص التجاري يحتاج تحققًا مستقلاً
نسك الإيمان,Nusk Al Iman,411,400,المدينة المنورة,المنطقة المركزية,المنطقة المركزية / Central Zone,داخل المنطقة المركزية / Central Area,0,المخطط الإرشادي للمسجد النبوي ومرافقه وفنادق المنطقة المركزية,,1448هـ / 2026م,رسمي موثق / Official Verified,تمت مطابقة الاسم ورقم الموقع من المخطط المرفق؛ الترخيص التجاري يحتاج تحققًا مستقلاً
نسك المدينة,Nusk Al Madinah,423,400,المدينة المنورة,المنطقة المركزية,المنطقة المركزية / Central Zone,داخل المنطقة المركزية / Central Area,0,المخطط الإرشادي للمسجد النبوي ومرافقه وفنادق المنطقة المركزية,,1448هـ / 2026م,رسمي موثق / Official Verified,تمت مطابقة الاسم ورقم الموقع من المخطط المرفق؛ الترخيص التجاري يحتاج تحققًا مستقلاً
نسك الهجرة,Nusk Al Hijrah,417,400,المدينة المنورة,المنطقة المركزية,المنطقة المركزية / Central Zone,داخل المنطقة المركزية / Central Area,0,المخطط الإرشادي للمسجد النبوي ومرافقه وفنادق المنطقة المركزية,,1448هـ / 2026م,رسمي موثق / Official Verified,تمت مطابقة الاسم ورقم الموقع من المخطط المرفق؛ الترخيص التجاري يحتاج تحققًا مستقلاً
نقاط ثلاثة الرضا,نقاط ثلاثة الرضا,448,400,المدينة المنورة,المنطقة المركزية,المنطقة المركزية / Central Zone,داخل المنطقة المركزية / Central Area,0,المخطط الإرشادي للمسجد النبوي ومرافقه وفنادق المنطقة المركزية,,1448هـ / 2026م,رسمي موثق / Official Verified,تمت مطابقة الاسم ورقم الموقع من المخطط المرفق؛ الترخيص التجاري يحتاج تحققًا مستقلاً
نقاط ثلاثة الكوثر,نقاط ثلاثة الكوثر,447,400,المدينة المنورة,المنطقة المركزية,المنطقة المركزية / Central Zone,داخل المنطقة المركزية / Central Area,0,المخطط الإرشادي للمسجد النبوي ومرافقه وفنادق المنطقة المركزية,,1448هـ / 2026م,رسمي موثق / Official Verified,تمت مطابقة الاسم ورقم الموقع من المخطط المرفق؛ الترخيص التجاري يحتاج تحققًا مستقلاً
نوفوتيل المدينة,نوفوتيل المدينة,255,200,المدينة المنورة,المنطقة المركزية,المنطقة المركزية / Central Zone,داخل المنطقة المركزية / Central Area,0,المخطط الإرشادي للمسجد النبوي ومرافقه وفنادق المنطقة المركزية,,1448هـ / 2026م,رسمي موثق / Official Verified,تمت مطابقة الاسم ورقم الموقع من المخطط المرفق؛ الترخيص التجاري يحتاج تحققًا مستقلاً
هدى طيبة,Huda Taiba,421,400,المدينة المنورة,المنطقة المركزية,المنطقة المركزية / Central Zone,داخل المنطقة المركزية / Central Area,0,المخطط الإرشادي للمسجد النبوي ومرافقه وفنادق المنطقة المركزية,,1448هـ / 2026م,رسمي موثق / Official Verified,تمت مطابقة الاسم ورقم الموقع من المخطط المرفق؛ الترخيص التجاري يحتاج تحققًا مستقلاً
واجهة طيبة,واجهة طيبة,157,100,المدينة المنورة,المنطقة المركزية,المنطقة المركزية / Central Zone,داخل المنطقة المركزية / Central Area,0,المخطط الإرشادي للمسجد النبوي ومرافقه وفنادق المنطقة المركزية,,1448هـ / 2026م,رسمي موثق / Official Verified,تمت مطابقة الاسم ورقم الموقع من المخطط المرفق؛ الترخيص التجاري يحتاج تحققًا مستقلاً
وردة الإيمان,وردة الإيمان,360,300,المدينة المنورة,المنطقة المركزية,المنطقة المركزية / Central Zone,داخل المنطقة المركزية / Central Area,0,المخطط الإرشادي للمسجد النبوي ومرافقه وفنادق المنطقة المركزية,,1448هـ / 2026م,رسمي موثق / Official Verified,تمت مطابقة الاسم ورقم الموقع من المخطط المرفق؛ الترخيص التجاري يحتاج تحققًا مستقلاً
وردة السعادة,وردة السعادة,364,300,المدينة المنورة,المنطقة المركزية,المنطقة المركزية / Central Zone,داخل المنطقة المركزية / Central Area,0,المخطط الإرشادي للمسجد النبوي ومرافقه وفنادق المنطقة المركزية,,1448هـ / 2026م,رسمي موثق / Official Verified,تمت مطابقة الاسم ورقم الموقع من المخطط المرفق؛ الترخيص التجاري يحتاج تحققًا مستقلاً
وردة الصفا,وردة الصفا,320,300,المدينة المنورة,المنطقة المركزية,المنطقة المركزية / Central Zone,داخل المنطقة المركزية / Central Area,0,المخطط الإرشادي للمسجد النبوي ومرافقه وفنادق المنطقة المركزية,,1448هـ / 2026م,رسمي موثق / Official Verified,تمت مطابقة الاسم ورقم الموقع من المخطط المرفق؛ الترخيص التجاري يحتاج تحققًا مستقلاً
وفادة الزهراء,وفادة الزهراء,210,200,المدينة المنورة,المنطقة المركزية,المنطقة المركزية / Central Zone,داخل المنطقة المركزية / Central Area,0,المخطط الإرشادي للمسجد النبوي ومرافقه وفنادق المنطقة المركزية,,1448هـ / 2026م,رسمي موثق / Official Verified,تمت مطابقة الاسم ورقم الموقع من المخطط المرفق؛ الترخيص التجاري يحتاج تحققًا مستقلاً
وقت التنزيل,وقت التنزيل,310,300,المدينة المنورة,المنطقة المركزية,المنطقة المركزية / Central Zone,داخل المنطقة المركزية / Central Area,0,المخطط الإرشادي للمسجد النبوي ومرافقه وفنادق المنطقة المركزية,,1448هـ / 2026م,رسمي موثق / Official Verified,تمت مطابقة الاسم ورقم الموقع من المخطط المرفق؛ الترخيص التجاري يحتاج تحققًا مستقلاً
ون إن,One Inn,412,400,المدينة المنورة,المنطقة المركزية,المنطقة المركزية / Central Zone,داخل المنطقة المركزية / Central Area,0,المخطط الإرشادي للمسجد النبوي ومرافقه وفنادق المنطقة المركزية,,1448هـ / 2026م,رسمي موثق / Official Verified,تمت مطابقة الاسم ورقم الموقع من المخطط المرفق؛ الترخيص التجاري يحتاج تحققًا مستقلاً
وورث تود,وورث تود,237,200,المدينة المنورة,المنطقة المركزية,المنطقة المركزية / Central Zone,داخل المنطقة المركزية / Central Area,0,المخطط الإرشادي للمسجد النبوي ومرافقه وفنادق المنطقة المركزية,,1448هـ / 2026م,رسمي موثق / Official Verified,تمت مطابقة الاسم ورقم الموقع من المخطط المرفق؛ الترخيص التجاري يحتاج تحققًا مستقلاً
وورث نروان,وورث نروان,244,200,المدينة المنورة,المنطقة المركزية,المنطقة المركزية / Central Zone,داخل المنطقة المركزية / Central Area,0,المخطط الإرشادي للمسجد النبوي ومرافقه وفنادق المنطقة المركزية,,1448هـ / 2026م,رسمي موثق / Official Verified,تمت مطابقة الاسم ورقم الموقع من المخطط المرفق؛ الترخيص التجاري يحتاج تحققًا مستقلاً
روضة العقيق,روضة العقيق,113,100,المدينة المنورة,المنطقة المركزية,المنطقة المركزية / Central Zone,داخل المنطقة المركزية / Central Area,0,المخطط الإرشادي للمسجد النبوي ومرافقه وفنادق المنطقة المركزية,,1448هـ / 2026م,رسمي موثق / Official Verified,تمت مطابقة الاسم ورقم الموقع من المخطط المرفق؛ الترخيص التجاري يحتاج تحققًا مستقلاً
روضة المختار,روضة المختار,380,300,المدينة المنورة,المنطقة المركزية,المنطقة المركزية / Central Zone,داخل المنطقة المركزية / Central Area,0,المخطط الإرشادي للمسجد النبوي ومرافقه وفنادق المنطقة المركزية,,1448هـ / 2026م,رسمي موثق / Official Verified,تمت مطابقة الاسم ورقم الموقع من المخطط المرفق؛ الترخيص التجاري يحتاج تحققًا مستقلاً
رويال المدينة,رويال المدينة,121,100,المدينة المنورة,المنطقة المركزية,المنطقة المركزية / Central Zone,داخل المنطقة المركزية / Central Area,0,المخطط الإرشادي للمسجد النبوي ومرافقه وفنادق المنطقة المركزية,,1448هـ / 2026م,رسمي موثق / Official Verified,تمت مطابقة الاسم ورقم الموقع من المخطط المرفق؛ الترخيص التجاري يحتاج تحققًا مستقلاً
رؤى الأندلس البلاتيني,رؤى الأندلس البلاتيني,416,400,المدينة المنورة,المنطقة المركزية,المنطقة المركزية / Central Zone,داخل المنطقة المركزية / Central Area,0,المخطط الإرشادي للمسجد النبوي ومرافقه وفنادق المنطقة المركزية,,1448هـ / 2026م,رسمي موثق / Official Verified,تمت مطابقة الاسم ورقم الموقع من المخطط المرفق؛ الترخيص التجاري يحتاج تحققًا مستقلاً
رؤى السعادة,رؤى السعادة,238,200,المدينة المنورة,المنطقة المركزية,المنطقة المركزية / Central Zone,داخل المنطقة المركزية / Central Area,0,المخطط الإرشادي للمسجد النبوي ومرافقه وفنادق المنطقة المركزية,,1448هـ / 2026م,رسمي موثق / Official Verified,تمت مطابقة الاسم ورقم الموقع من المخطط المرفق؛ الترخيص التجاري يحتاج تحققًا مستقلاً
رؤى الضيافة,رؤى الضيافة,356,300,المدينة المنورة,المنطقة المركزية,المنطقة المركزية / Central Zone,داخل المنطقة المركزية / Central Area,0,المخطط الإرشادي للمسجد النبوي ومرافقه وفنادق المنطقة المركزية,,1448هـ / 2026م,رسمي موثق / Official Verified,تمت مطابقة الاسم ورقم الموقع من المخطط المرفق؛ الترخيص التجاري يحتاج تحققًا مستقلاً
رؤى العالمي,رؤى العالمي,120,100,المدينة المنورة,المنطقة المركزية,المنطقة المركزية / Central Zone,داخل المنطقة المركزية / Central Area,0,المخطط الإرشادي للمسجد النبوي ومرافقه وفنادق المنطقة المركزية,,1448هـ / 2026م,رسمي موثق / Official Verified,تمت مطابقة الاسم ورقم الموقع من المخطط المرفق؛ الترخيص التجاري يحتاج تحققًا مستقلاً
رؤى الفخامة,رؤى الفخامة,227,200,المدينة المنورة,المنطقة المركزية,المنطقة المركزية / Central Zone,داخل المنطقة المركزية / Central Area,0,المخطط الإرشادي للمسجد النبوي ومرافقه وفنادق المنطقة المركزية,,1448هـ / 2026م,رسمي موثق / Official Verified,تمت مطابقة الاسم ورقم الموقع من المخطط المرفق؛ الترخيص التجاري يحتاج تحققًا مستقلاً
رؤى الماسي,رؤى الماسي,457,400,المدينة المنورة,المنطقة المركزية,المنطقة المركزية / Central Zone,داخل المنطقة المركزية / Central Area,0,المخطط الإرشادي للمسجد النبوي ومرافقه وفنادق المنطقة المركزية,,1448هـ / 2026م,رسمي موثق / Official Verified,تمت مطابقة الاسم ورقم الموقع من المخطط المرفق؛ الترخيص التجاري يحتاج تحققًا مستقلاً
رؤى جراند,رؤى جراند,357,300,المدينة المنورة,المنطقة المركزية,المنطقة المركزية / Central Zone,داخل المنطقة المركزية / Central Area,0,المخطط الإرشادي للمسجد النبوي ومرافقه وفنادق المنطقة المركزية,,1448هـ / 2026م,رسمي موثق / Official Verified,تمت مطابقة الاسم ورقم الموقع من المخطط المرفق؛ الترخيص التجاري يحتاج تحققًا مستقلاً
رؤى طيبة بلس,رؤى طيبة بلس,378,300,المدينة المنورة,المنطقة المركزية,المنطقة المركزية / Central Zone,داخل المنطقة المركزية / Central Area,0,المخطط الإرشادي للمسجد النبوي ومرافقه وفنادق المنطقة المركزية,,1448هـ / 2026م,رسمي موثق / Official Verified,تمت مطابقة الاسم ورقم الموقع من المخطط المرفق؛ الترخيص التجاري يحتاج تحققًا مستقلاً
رؤيا الأندلس البلاتيني,رؤيا الأندلس البلاتيني,341,300,المدينة المنورة,المنطقة المركزية,المنطقة المركزية / Central Zone,داخل المنطقة المركزية / Central Area,0,المخطط الإرشادي للمسجد النبوي ومرافقه وفنادق المنطقة المركزية,,1448هـ / 2026م,رسمي موثق / Official Verified,تمت مطابقة الاسم ورقم الموقع من المخطط المرفق؛ الترخيص التجاري يحتاج تحققًا مستقلاً
رؤيا الأندلس النخبة,رؤيا الأندلس النخبة,319,300,المدينة المنورة,المنطقة المركزية,المنطقة المركزية / Central Zone,داخل المنطقة المركزية / Central Area,0,المخطط الإرشادي للمسجد النبوي ومرافقه وفنادق المنطقة المركزية,,1448هـ / 2026م,رسمي موثق / Official Verified,تمت مطابقة الاسم ورقم الموقع من المخطط المرفق؛ الترخيص التجاري يحتاج تحققًا مستقلاً
رياض الزهراء,رياض الزهراء,233,200,المدينة المنورة,المنطقة المركزية,المنطقة المركزية / Central Zone,داخل المنطقة المركزية / Central Area,0,المخطط الإرشادي للمسجد النبوي ومرافقه وفنادق المنطقة المركزية,,1448هـ / 2026م,رسمي موثق / Official Verified,تمت مطابقة الاسم ورقم الموقع من المخطط المرفق؛ الترخيص التجاري يحتاج تحققًا مستقلاً
كاسيل,Castle Hotel,403,400,المدينة المنورة,المنطقة المركزية,المنطقة المركزية / Central Zone,داخل المنطقة المركزية / Central Area,0,المخطط الإرشادي للمسجد النبوي ومرافقه وفنادق المنطقة المركزية,,1448هـ / 2026م,رسمي موثق / Official Verified,تمت مطابقة الاسم ورقم الموقع من المخطط المرفق؛ الترخيص التجاري يحتاج تحققًا مستقلاً
كراون بلازا المدينة,Crowne Plaza Madinah,433,400,المدينة المنورة,المنطقة المركزية,المنطقة المركزية / Central Zone,داخل المنطقة المركزية / Central Area,0,المخطط الإرشادي للمسجد النبوي ومرافقه وفنادق المنطقة المركزية,,1448هـ / 2026م,رسمي موثق / Official Verified,تمت مطابقة الاسم ورقم الموقع من المخطط المرفق؛ الترخيص التجاري يحتاج تحققًا مستقلاً
كرم الحجار,كرم الحجار,229,200,المدينة المنورة,المنطقة المركزية,المنطقة المركزية / Central Zone,داخل المنطقة المركزية / Central Area,0,المخطط الإرشادي للمسجد النبوي ومرافقه وفنادق المنطقة المركزية,,1448هـ / 2026م,رسمي موثق / Official Verified,تمت مطابقة الاسم ورقم الموقع من المخطط المرفق؛ الترخيص التجاري يحتاج تحققًا مستقلاً
كرم الخبر,كرم الخبر,368,300,المدينة المنورة,المنطقة المركزية,المنطقة المركزية / Central Zone,داخل المنطقة المركزية / Central Area,0,المخطط الإرشادي للمسجد النبوي ومرافقه وفنادق المنطقة المركزية,,1448هـ / 2026م,رسمي موثق / Official Verified,تمت مطابقة الاسم ورقم الموقع من المخطط المرفق؛ الترخيص التجاري يحتاج تحققًا مستقلاً
كرم المدينة,كرم المدينة,425,400,المدينة المنورة,المنطقة المركزية,المنطقة المركزية / Central Zone,داخل المنطقة المركزية / Central Area,0,المخطط الإرشادي للمسجد النبوي ومرافقه وفنادق المنطقة المركزية,,1448هـ / 2026م,رسمي موثق / Official Verified,تمت مطابقة الاسم ورقم الموقع من المخطط المرفق؛ الترخيص التجاري يحتاج تحققًا مستقلاً
كرم طيبة,كرم طيبة,222,200,المدينة المنورة,المنطقة المركزية,المنطقة المركزية / Central Zone,داخل المنطقة المركزية / Central Area,0,المخطط الإرشادي للمسجد النبوي ومرافقه وفنادق المنطقة المركزية,,1448هـ / 2026م,رسمي موثق / Official Verified,تمت مطابقة الاسم ورقم الموقع من المخطط المرفق؛ الترخيص التجاري يحتاج تحققًا مستقلاً
كرم إيليت,كرم إيليت,235,200,المدينة المنورة,المنطقة المركزية,المنطقة المركزية / Central Zone,داخل المنطقة المركزية / Central Area,0,المخطط الإرشادي للمسجد النبوي ومرافقه وفنادق المنطقة المركزية,,1448هـ / 2026م,رسمي موثق / Official Verified,تمت مطابقة الاسم ورقم الموقع من المخطط المرفق؛ الترخيص التجاري يحتاج تحققًا مستقلاً
كون كود التنزيل,كون كود التنزيل,374,300,المدينة المنورة,المنطقة المركزية,المنطقة المركزية / Central Zone,داخل المنطقة المركزية / Central Area,0,المخطط الإرشادي للمسجد النبوي ومرافقه وفنادق المنطقة المركزية,,1448هـ / 2026م,رسمي موثق / Official Verified,تمت مطابقة الاسم ورقم الموقع من المخطط المرفق؛ الترخيص التجاري يحتاج تحققًا مستقلاً
سبال,سبال,381,300,المدينة المنورة,المنطقة المركزية,المنطقة المركزية / Central Zone,داخل المنطقة المركزية / Central Area,0,المخطط الإرشادي للمسجد النبوي ومرافقه وفنادق المنطقة المركزية,,1448هـ / 2026م,رسمي موثق / Official Verified,تمت مطابقة الاسم ورقم الموقع من المخطط المرفق؛ الترخيص التجاري يحتاج تحققًا مستقلاً
سبال الماسي,سبال الماسي,409,400,المدينة المنورة,المنطقة المركزية,المنطقة المركزية / Central Zone,داخل المنطقة المركزية / Central Area,0,المخطط الإرشادي للمسجد النبوي ومرافقه وفنادق المنطقة المركزية,,1448هـ / 2026م,رسمي موثق / Official Verified,تمت مطابقة الاسم ورقم الموقع من المخطط المرفق؛ الترخيص التجاري يحتاج تحققًا مستقلاً
سبال بلس,سبال بلس,211,200,المدينة المنورة,المنطقة المركزية,المنطقة المركزية / Central Zone,داخل المنطقة المركزية / Central Area,0,المخطط الإرشادي للمسجد النبوي ومرافقه وفنادق المنطقة المركزية,,1448هـ / 2026م,رسمي موثق / Official Verified,تمت مطابقة الاسم ورقم الموقع من المخطط المرفق؛ الترخيص التجاري يحتاج تحققًا مستقلاً
كيان العالمي,كيان العالمي,124,100,المدينة المنورة,المنطقة المركزية,المنطقة المركزية / Central Zone,داخل المنطقة المركزية / Central Area,0,المخطط الإرشادي للمسجد النبوي ومرافقه وفنادق المنطقة المركزية,,1448هـ / 2026م,رسمي موثق / Official Verified,تمت مطابقة الاسم ورقم الموقع من المخطط المرفق؛ الترخيص التجاري يحتاج تحققًا مستقلاً
كيان الماسي,كيان الماسي,305,300,المدينة المنورة,المنطقة المركزية,المنطقة المركزية / Central Zone,داخل المنطقة المركزية / Central Area,0,المخطط الإرشادي للمسجد النبوي ومرافقه وفنادق المنطقة المركزية,,1448هـ / 2026م,رسمي موثق / Official Verified,تمت مطابقة الاسم ورقم الموقع من المخطط المرفق؛ الترخيص التجاري يحتاج تحققًا مستقلاً
كيان المدينة,كيان المدينة,344,300,المدينة المنورة,المنطقة المركزية,المنطقة المركزية / Central Zone,داخل المنطقة المركزية / Central Area,0,المخطط الإرشادي للمسجد النبوي ومرافقه وفنادق المنطقة المركزية,,1448هـ / 2026م,رسمي موثق / Official Verified,تمت مطابقة الاسم ورقم الموقع من المخطط المرفق؛ الترخيص التجاري يحتاج تحققًا مستقلاً
سجى المدينة,سجى المدينة,138,100,المدينة المنورة,المنطقة المركزية,المنطقة المركزية / Central Zone,داخل المنطقة المركزية / Central Area,0,المخطط الإرشادي للمسجد النبوي ومرافقه وفنادق المنطقة المركزية,,1448هـ / 2026م,رسمي موثق / Official Verified,تمت مطابقة الاسم ورقم الموقع من المخطط المرفق؛ الترخيص التجاري يحتاج تحققًا مستقلاً
سدرة المدينة,سدرة المدينة,326,300,المدينة المنورة,المنطقة المركزية,المنطقة المركزية / Central Zone,داخل المنطقة المركزية / Central Area,0,المخطط الإرشادي للمسجد النبوي ومرافقه وفنادق المنطقة المركزية,,1448هـ / 2026م,رسمي موثق / Official Verified,تمت مطابقة الاسم ورقم الموقع من المخطط المرفق؛ الترخيص التجاري يحتاج تحققًا مستقلاً
سرابا هارموني A,سرابا هارموني A,452,400,المدينة المنورة,المنطقة المركزية,المنطقة المركزية / Central Zone,داخل المنطقة المركزية / Central Area,0,المخطط الإرشادي للمسجد النبوي ومرافقه وفنادق المنطقة المركزية,,1448هـ / 2026م,رسمي موثق / Official Verified,تمت مطابقة الاسم ورقم الموقع من المخطط المرفق؛ الترخيص التجاري يحتاج تحققًا مستقلاً
سرابا هارموني B,سرابا هارموني B,454,400,المدينة المنورة,المنطقة المركزية,المنطقة المركزية / Central Zone,داخل المنطقة المركزية / Central Area,0,المخطط الإرشادي للمسجد النبوي ومرافقه وفنادق المنطقة المركزية,,1448هـ / 2026م,رسمي موثق / Official Verified,تمت مطابقة الاسم ورقم الموقع من المخطط المرفق؛ الترخيص التجاري يحتاج تحققًا مستقلاً
سرابا هارموني C,سرابا هارموني C,455,400,المدينة المنورة,المنطقة المركزية,المنطقة المركزية / Central Zone,داخل المنطقة المركزية / Central Area,0,المخطط الإرشادي للمسجد النبوي ومرافقه وفنادق المنطقة المركزية,,1448هـ / 2026م,رسمي موثق / Official Verified,تمت مطابقة الاسم ورقم الموقع من المخطط المرفق؛ الترخيص التجاري يحتاج تحققًا مستقلاً
سكاي فيو,Sky View,453,400,المدينة المنورة,المنطقة المركزية,المنطقة المركزية / Central Zone,داخل المنطقة المركزية / Central Area,0,المخطط الإرشادي للمسجد النبوي ومرافقه وفنادق المنطقة المركزية,,1448هـ / 2026م,رسمي موثق / Official Verified,تمت مطابقة الاسم ورقم الموقع من المخطط المرفق؛ الترخيص التجاري يحتاج تحققًا مستقلاً
سما الذهبي,سما الذهبي,351,300,المدينة المنورة,المنطقة المركزية,المنطقة المركزية / Central Zone,داخل المنطقة المركزية / Central Area,0,المخطط الإرشادي للمسجد النبوي ومرافقه وفنادق المنطقة المركزية,,1448هـ / 2026م,رسمي موثق / Official Verified,تمت مطابقة الاسم ورقم الموقع من المخطط المرفق؛ الترخيص التجاري يحتاج تحققًا مستقلاً
سما الماسي,سما الماسي,362,300,المدينة المنورة,المنطقة المركزية,المنطقة المركزية / Central Zone,داخل المنطقة المركزية / Central Area,0,المخطط الإرشادي للمسجد النبوي ومرافقه وفنادق المنطقة المركزية,,1448هـ / 2026م,رسمي موثق / Official Verified,تمت مطابقة الاسم ورقم الموقع من المخطط المرفق؛ الترخيص التجاري يحتاج تحققًا مستقلاً
سنابل المدينة,سنابل المدينة,117,100,المدينة المنورة,المنطقة المركزية,المنطقة المركزية / Central Zone,داخل المنطقة المركزية / Central Area,0,المخطط الإرشادي للمسجد النبوي ومرافقه وفنادق المنطقة المركزية,,1448هـ / 2026م,رسمي موثق / Official Verified,تمت مطابقة الاسم ورقم الموقع من المخطط المرفق؛ الترخيص التجاري يحتاج تحققًا مستقلاً
سوفيتيل شهد المدينة,سوفيتيل شهد المدينة,115,100,المدينة المنورة,المنطقة المركزية,المنطقة المركزية / Central Zone,داخل المنطقة المركزية / Central Area,0,المخطط الإرشادي للمسجد النبوي ومرافقه وفنادق المنطقة المركزية,,1448هـ / 2026م,رسمي موثق / Official Verified,تمت مطابقة الاسم ورقم الموقع من المخطط المرفق؛ الترخيص التجاري يحتاج تحققًا مستقلاً
سويس إنترناشيونال طيبة,سويس إنترناشيونال طيبة,232,200,المدينة المنورة,المنطقة المركزية,المنطقة المركزية / Central Zone,داخل المنطقة المركزية / Central Area,0,المخطط الإرشادي للمسجد النبوي ومرافقه وفنادق المنطقة المركزية,,1448هـ / 2026م,رسمي موثق / Official Verified,تمت مطابقة الاسم ورقم الموقع من المخطط المرفق؛ الترخيص التجاري يحتاج تحققًا مستقلاً
مجمع الجزيرة,مجمع الجزيرة,475,400,المدينة المنورة,المنطقة المركزية,المنطقة المركزية / Central Zone,داخل المنطقة المركزية / Central Area,0,المخطط الإرشادي للمسجد النبوي ومرافقه وفنادق المنطقة المركزية,,1448هـ / 2026م,رسمي موثق / Official Verified,تمت مطابقة الاسم ورقم الموقع من المخطط المرفق؛ الترخيص التجاري يحتاج تحققًا مستقلاً
شذا ريجنسي بلازا,شذا ريجنسي بلازا,130,100,المدينة المنورة,المنطقة المركزية,المنطقة المركزية / Central Zone,داخل المنطقة المركزية / Central Area,0,المخطط الإرشادي للمسجد النبوي ومرافقه وفنادق المنطقة المركزية,,1448هـ / 2026م,رسمي موثق / Official Verified,تمت مطابقة الاسم ورقم الموقع من المخطط المرفق؛ الترخيص التجاري يحتاج تحققًا مستقلاً
شيرادون,شيرادون,140,100,المدينة المنورة,المنطقة المركزية,المنطقة المركزية / Central Zone,داخل المنطقة المركزية / Central Area,0,المخطط الإرشادي للمسجد النبوي ومرافقه وفنادق المنطقة المركزية,,1448هـ / 2026م,رسمي موثق / Official Verified,تمت مطابقة الاسم ورقم الموقع من المخطط المرفق؛ الترخيص التجاري يحتاج تحققًا مستقلاً
مراج طيبة,مراج طيبة,208,200,المدينة المنورة,المنطقة المركزية,المنطقة المركزية / Central Zone,داخل المنطقة المركزية / Central Area,0,المخطط الإرشادي للمسجد النبوي ومرافقه وفنادق المنطقة المركزية,,1448هـ / 2026م,رسمي موثق / Official Verified,تمت مطابقة الاسم ورقم الموقع من المخطط المرفق؛ الترخيص التجاري يحتاج تحققًا مستقلاً
مرجان المدينة,مرجان المدينة,210,200,المدينة المنورة,المنطقة المركزية,المنطقة المركزية / Central Zone,داخل المنطقة المركزية / Central Area,0,المخطط الإرشادي للمسجد النبوي ومرافقه وفنادق المنطقة المركزية,,1448هـ / 2026م,رسمي موثق / Official Verified,تمت مطابقة الاسم ورقم الموقع من المخطط المرفق؛ الترخيص التجاري يحتاج تحققًا مستقلاً
مسك البلد,مسك البلد,136,100,المدينة المنورة,المنطقة المركزية,المنطقة المركزية / Central Zone,داخل المنطقة المركزية / Central Area,0,المخطط الإرشادي للمسجد النبوي ومرافقه وفنادق المنطقة المركزية,,1448هـ / 2026م,رسمي موثق / Official Verified,تمت مطابقة الاسم ورقم الموقع من المخطط المرفق؛ الترخيص التجاري يحتاج تحققًا مستقلاً
صفوة المدينة,صفوة المدينة,119,100,المدينة المنورة,المنطقة المركزية,المنطقة المركزية / Central Zone,داخل المنطقة المركزية / Central Area,0,المخطط الإرشادي للمسجد النبوي ومرافقه وفنادق المنطقة المركزية,,1448هـ / 2026م,رسمي موثق / Official Verified,تمت مطابقة الاسم ورقم الموقع من المخطط المرفق؛ الترخيص التجاري يحتاج تحققًا مستقلاً
معين طيبة,معين طيبة,353,300,المدينة المنورة,المنطقة المركزية,المنطقة المركزية / Central Zone,داخل المنطقة المركزية / Central Area,0,المخطط الإرشادي للمسجد النبوي ومرافقه وفنادق المنطقة المركزية,,1448هـ / 2026م,رسمي موثق / Official Verified,تمت مطابقة الاسم ورقم الموقع من المخطط المرفق؛ الترخيص التجاري يحتاج تحققًا مستقلاً
مكارم أجنحة إطلالة الحرم,مكارم أجنحة إطلالة الحرم,156,100,المدينة المنورة,المنطقة المركزية,المنطقة المركزية / Central Zone,داخل المنطقة المركزية / Central Area,0,المخطط الإرشادي للمسجد النبوي ومرافقه وفنادق المنطقة المركزية,,1448هـ / 2026م,رسمي موثق / Official Verified,تمت مطابقة الاسم ورقم الموقع من المخطط المرفق؛ الترخيص التجاري يحتاج تحققًا مستقلاً
مكارم برج المدينة,مكارم برج المدينة,151,100,المدينة المنورة,المنطقة المركزية,المنطقة المركزية / Central Zone,داخل المنطقة المركزية / Central Area,0,المخطط الإرشادي للمسجد النبوي ومرافقه وفنادق المنطقة المركزية,,1448هـ / 2026م,رسمي موثق / Official Verified,تمت مطابقة الاسم ورقم الموقع من المخطط المرفق؛ الترخيص التجاري يحتاج تحققًا مستقلاً
حياة الذهبي,حياة الذهبي,220,200,المدينة المنورة,المنطقة المركزية,المنطقة المركزية / Central Zone,داخل المنطقة المركزية / Central Area,0,المخطط الإرشادي للمسجد النبوي ومرافقه وفنادق المنطقة المركزية,,1448هـ / 2026م,رسمي موثق / Official Verified,تمت مطابقة الاسم ورقم الموقع من المخطط المرفق؛ الترخيص التجاري يحتاج تحققًا مستقلاً
حياة الماسي,حياة الماسي,385,300,المدينة المنورة,المنطقة المركزية,المنطقة المركزية / Central Zone,داخل المنطقة المركزية / Central Area,0,المخطط الإرشادي للمسجد النبوي ومرافقه وفنادق المنطقة المركزية,,1448هـ / 2026م,رسمي موثق / Official Verified,تمت مطابقة الاسم ورقم الموقع من المخطط المرفق؛ الترخيص التجاري يحتاج تحققًا مستقلاً
حياة الهدى,حياة الهدى,245,200,المدينة المنورة,المنطقة المركزية,المنطقة المركزية / Central Zone,داخل المنطقة المركزية / Central Area,0,المخطط الإرشادي للمسجد النبوي ومرافقه وفنادق المنطقة المركزية,,1448هـ / 2026م,رسمي موثق / Official Verified,تمت مطابقة الاسم ورقم الموقع من المخطط المرفق؛ الترخيص التجاري يحتاج تحققًا مستقلاً
حياة الواحة,Hayat Al Waha,404,400,المدينة المنورة,المنطقة المركزية,المنطقة المركزية / Central Zone,داخل المنطقة المركزية / Central Area,0,المخطط الإرشادي للمسجد النبوي ومرافقه وفنادق المنطقة المركزية,,1448هـ / 2026م,رسمي موثق / Official Verified,تمت مطابقة الاسم ورقم الموقع من المخطط المرفق؛ الترخيص التجاري يحتاج تحققًا مستقلاً
حياة بلازا,Hayat Plaza,419,400,المدينة المنورة,المنطقة المركزية,المنطقة المركزية / Central Zone,داخل المنطقة المركزية / Central Area,0,المخطط الإرشادي للمسجد النبوي ومرافقه وفنادق المنطقة المركزية,,1448هـ / 2026م,رسمي موثق / Official Verified,تمت مطابقة الاسم ورقم الموقع من المخطط المرفق؛ الترخيص التجاري يحتاج تحققًا مستقلاً
حياة جراند,حياة جراند,331,300,المدينة المنورة,المنطقة المركزية,المنطقة المركزية / Central Zone,داخل المنطقة المركزية / Central Area,0,المخطط الإرشادي للمسجد النبوي ومرافقه وفنادق المنطقة المركزية,,1448هـ / 2026م,رسمي موثق / Official Verified,تمت مطابقة الاسم ورقم الموقع من المخطط المرفق؛ الترخيص التجاري يحتاج تحققًا مستقلاً
دار الإيمان الحرم,دار الإيمان الحرم,109,100,المدينة المنورة,المنطقة المركزية,المنطقة المركزية / Central Zone,داخل المنطقة المركزية / Central Area,0,المخطط الإرشادي للمسجد النبوي ومرافقه وفنادق المنطقة المركزية,,1448هـ / 2026م,رسمي موثق / Official Verified,تمت مطابقة الاسم ورقم الموقع من المخطط المرفق؛ الترخيص التجاري يحتاج تحققًا مستقلاً
دار الإيمان إنتركونتيننتال,دار الإيمان إنتركونتيننتال,158,100,المدينة المنورة,المنطقة المركزية,المنطقة المركزية / Central Zone,داخل المنطقة المركزية / Central Area,0,المخطط الإرشادي للمسجد النبوي ومرافقه وفنادق المنطقة المركزية,,1448هـ / 2026م,رسمي موثق / Official Verified,تمت مطابقة الاسم ورقم الموقع من المخطط المرفق؛ الترخيص التجاري يحتاج تحققًا مستقلاً
دار التقوى,دار التقوى,103,100,المدينة المنورة,المنطقة المركزية,المنطقة المركزية / Central Zone,داخل المنطقة المركزية / Central Area,0,المخطط الإرشادي للمسجد النبوي ومرافقه وفنادق المنطقة المركزية,,1448هـ / 2026م,رسمي موثق / Official Verified,تمت مطابقة الاسم ورقم الموقع من المخطط المرفق؛ الترخيص التجاري يحتاج تحققًا مستقلاً
دار الهجرة إنتركونتيننتال,دار الهجرة إنتركونتيننتال,125,100,المدينة المنورة,المنطقة المركزية,المنطقة المركزية / Central Zone,داخل المنطقة المركزية / Central Area,0,المخطط الإرشادي للمسجد النبوي ومرافقه وفنادق المنطقة المركزية,,1448هـ / 2026م,رسمي موثق / Official Verified,تمت مطابقة الاسم ورقم الموقع من المخطط المرفق؛ الترخيص التجاري يحتاج تحققًا مستقلاً
درة الإيمان,درة الإيمان,134,100,المدينة المنورة,المنطقة المركزية,المنطقة المركزية / Central Zone,داخل المنطقة المركزية / Central Area,0,المخطط الإرشادي للمسجد النبوي ومرافقه وفنادق المنطقة المركزية,,1448هـ / 2026م,رسمي موثق / Official Verified,تمت مطابقة الاسم ورقم الموقع من المخطط المرفق؛ الترخيص التجاري يحتاج تحققًا مستقلاً
درة المدينة,Durrat Al Madinah,436,400,المدينة المنورة,المنطقة المركزية,المنطقة المركزية / Central Zone,داخل المنطقة المركزية / Central Area,0,المخطط الإرشادي للمسجد النبوي ومرافقه وفنادق المنطقة المركزية,,1448هـ / 2026م,رسمي موثق / Official Verified,تمت مطابقة الاسم ورقم الموقع من المخطط المرفق؛ الترخيص التجاري يحتاج تحققًا مستقلاً
درة طابة,Durrat Taiba,462,400,المدينة المنورة,المنطقة المركزية,المنطقة المركزية / Central Zone,داخل المنطقة المركزية / Central Area,0,المخطط الإرشادي للمسجد النبوي ومرافقه وفنادق المنطقة المركزية,,1448هـ / 2026م,رسمي موثق / Official Verified,تمت مطابقة الاسم ورقم الموقع من المخطط المرفق؛ الترخيص التجاري يحتاج تحققًا مستقلاً
دلة طيبة,دلة طيبة,114,100,المدينة المنورة,المنطقة المركزية,المنطقة المركزية / Central Zone,داخل المنطقة المركزية / Central Area,0,المخطط الإرشادي للمسجد النبوي ومرافقه وفنادق المنطقة المركزية,,1448هـ / 2026م,رسمي موثق / Official Verified,تمت مطابقة الاسم ورقم الموقع من المخطط المرفق؛ الترخيص التجاري يحتاج تحققًا مستقلاً
ديار الإيمان,ديار الإيمان,141,100,المدينة المنورة,المنطقة المركزية,المنطقة المركزية / Central Zone,داخل المنطقة المركزية / Central Area,0,المخطط الإرشادي للمسجد النبوي ومرافقه وفنادق المنطقة المركزية,,1448هـ / 2026م,رسمي موثق / Official Verified,تمت مطابقة الاسم ورقم الموقع من المخطط المرفق؛ الترخيص التجاري يحتاج تحققًا مستقلاً
ديار التقوى,ديار التقوى,218,200,المدينة المنورة,المنطقة المركزية,المنطقة المركزية / Central Zone,داخل المنطقة المركزية / Central Area,0,المخطط الإرشادي للمسجد النبوي ومرافقه وفنادق المنطقة المركزية,,1448هـ / 2026م,رسمي موثق / Official Verified,تمت مطابقة الاسم ورقم الموقع من المخطط المرفق؛ الترخيص التجاري يحتاج تحققًا مستقلاً
ديار الحبيب,ديار الحبيب,461,400,المدينة المنورة,المنطقة المركزية,المنطقة المركزية / Central Zone,داخل المنطقة المركزية / Central Area,0,المخطط الإرشادي للمسجد النبوي ومرافقه وفنادق المنطقة المركزية,,1448هـ / 2026م,رسمي موثق / Official Verified,تمت مطابقة الاسم ورقم الموقع من المخطط المرفق؛ الترخيص التجاري يحتاج تحققًا مستقلاً
ديار السلام الفضي,ديار السلام الفضي,208,200,المدينة المنورة,المنطقة المركزية,المنطقة المركزية / Central Zone,داخل المنطقة المركزية / Central Area,0,المخطط الإرشادي للمسجد النبوي ومرافقه وفنادق المنطقة المركزية,,1448هـ / 2026م,رسمي موثق / Official Verified,تمت مطابقة الاسم ورقم الموقع من المخطط المرفق؛ الترخيص التجاري يحتاج تحققًا مستقلاً
ديار المدينة,ديار المدينة,379,300,المدينة المنورة,المنطقة المركزية,المنطقة المركزية / Central Zone,داخل المنطقة المركزية / Central Area,0,المخطط الإرشادي للمسجد النبوي ومرافقه وفنادق المنطقة المركزية,,1448هـ / 2026م,رسمي موثق / Official Verified,تمت مطابقة الاسم ورقم الموقع من المخطط المرفق؛ الترخيص التجاري يحتاج تحققًا مستقلاً
ديار النخيل,ديار النخيل,339,300,المدينة المنورة,المنطقة المركزية,المنطقة المركزية / Central Zone,داخل المنطقة المركزية / Central Area,0,المخطط الإرشادي للمسجد النبوي ومرافقه وفنادق المنطقة المركزية,,1448هـ / 2026م,رسمي موثق / Official Verified,تمت مطابقة الاسم ورقم الموقع من المخطط المرفق؛ الترخيص التجاري يحتاج تحققًا مستقلاً
ديار الهدى,ديار الهدى,330,300,المدينة المنورة,المنطقة المركزية,المنطقة المركزية / Central Zone,داخل المنطقة المركزية / Central Area,0,المخطط الإرشادي للمسجد النبوي ومرافقه وفنادق المنطقة المركزية,,1448هـ / 2026م,رسمي موثق / Official Verified,تمت مطابقة الاسم ورقم الموقع من المخطط المرفق؛ الترخيص التجاري يحتاج تحققًا مستقلاً
ديار عجوة تابيستري هيلتون,ديار عجوة تابيستري هيلتون,159,100,المدينة المنورة,المنطقة المركزية,المنطقة المركزية / Central Zone,داخل المنطقة المركزية / Central Area,0,المخطط الإرشادي للمسجد النبوي ومرافقه وفنادق المنطقة المركزية,,1448هـ / 2026م,رسمي موثق / Official Verified,تمت مطابقة الاسم ورقم الموقع من المخطط المرفق؛ الترخيص التجاري يحتاج تحققًا مستقلاً
ديار واحة النزيل,ديار واحة النزيل,228,200,المدينة المنورة,المنطقة المركزية,المنطقة المركزية / Central Zone,داخل المنطقة المركزية / Central Area,0,المخطط الإرشادي للمسجد النبوي ومرافقه وفنادق المنطقة المركزية,,1448هـ / 2026م,رسمي موثق / Official Verified,تمت مطابقة الاسم ورقم الموقع من المخطط المرفق؛ الترخيص التجاري يحتاج تحققًا مستقلاً
ديوان الهجرة,ديوان الهجرة,337,300,المدينة المنورة,المنطقة المركزية,المنطقة المركزية / Central Zone,داخل المنطقة المركزية / Central Area,0,المخطط الإرشادي للمسجد النبوي ومرافقه وفنادق المنطقة المركزية,,1448هـ / 2026م,رسمي موثق / Official Verified,تمت مطابقة الاسم ورقم الموقع من المخطط المرفق؛ الترخيص التجاري يحتاج تحققًا مستقلاً
ديوان المدينة,Diwan Al Madinah,474,400,المدينة المنورة,المنطقة المركزية,المنطقة المركزية / Central Zone,داخل المنطقة المركزية / Central Area,0,المخطط الإرشادي للمسجد النبوي ومرافقه وفنادق المنطقة المركزية,,1448هـ / 2026م,رسمي موثق / Official Verified,تمت مطابقة الاسم ورقم الموقع من المخطط المرفق؛ الترخيص التجاري يحتاج تحققًا مستقلاً
ديوان روز,ديوان روز,314,300,المدينة المنورة,المنطقة المركزية,المنطقة المركزية / Central Zone,داخل المنطقة المركزية / Central Area,0,المخطط الإرشادي للمسجد النبوي ومرافقه وفنادق المنطقة المركزية,,1448هـ / 2026م,رسمي موثق / Official Verified,تمت مطابقة الاسم ورقم الموقع من المخطط المرفق؛ الترخيص التجاري يحتاج تحققًا مستقلاً
أروية الصفوة الذهبي,أروية الصفوة الذهبي,159,100,المدينة المنورة,المنطقة المركزية,المنطقة المركزية / Central Zone,داخل المنطقة المركزية / Central Area,0,المخطط الإرشادي للمسجد النبوي ومرافقه وفنادق المنطقة المركزية,,1448هـ / 2026م,رسمي موثق / Official Verified,تمت مطابقة الاسم ورقم الموقع من المخطط المرفق؛ الترخيص التجاري يحتاج تحققًا مستقلاً
رحاب هارموني,رحاب هارموني,384,300,المدينة المنورة,المنطقة المركزية,المنطقة المركزية / Central Zone,داخل المنطقة المركزية / Central Area,0,المخطط الإرشادي للمسجد النبوي ومرافقه وفنادق المنطقة المركزية,,1448هـ / 2026م,رسمي موثق / Official Verified,تمت مطابقة الاسم ورقم الموقع من المخطط المرفق؛ الترخيص التجاري يحتاج تحققًا مستقلاً
روابي الزهراء,روابي الزهراء,300,300,المدينة المنورة,المنطقة المركزية,المنطقة المركزية / Central Zone,داخل المنطقة المركزية / Central Area,0,المخطط الإرشادي للمسجد النبوي ومرافقه وفنادق المنطقة المركزية,,1448هـ / 2026م,رسمي موثق / Official Verified,تمت مطابقة الاسم ورقم الموقع من المخطط المرفق؛ الترخيص التجاري يحتاج تحققًا مستقلاً
روتانا المسك,روتانا المسك,124,100,المدينة المنورة,المنطقة المركزية,المنطقة المركزية / Central Zone,داخل المنطقة المركزية / Central Area,0,المخطط الإرشادي للمسجد النبوي ومرافقه وفنادق المنطقة المركزية,,1448هـ / 2026م,رسمي موثق / Official Verified,تمت مطابقة الاسم ورقم الموقع من المخطط المرفق؛ الترخيص التجاري يحتاج تحققًا مستقلاً
روز هوليداي 1,روز هوليداي 1,358,300,المدينة المنورة,المنطقة المركزية,المنطقة المركزية / Central Zone,داخل المنطقة المركزية / Central Area,0,المخطط الإرشادي للمسجد النبوي ومرافقه وفنادق المنطقة المركزية,,1448هـ / 2026م,رسمي موثق / Official Verified,تمت مطابقة الاسم ورقم الموقع من المخطط المرفق؛ الترخيص التجاري يحتاج تحققًا مستقلاً
روز هوليداي 2,روز هوليداي 2,352,300,المدينة المنورة,المنطقة المركزية,المنطقة المركزية / Central Zone,داخل المنطقة المركزية / Central Area,0,المخطط الإرشادي للمسجد النبوي ومرافقه وفنادق المنطقة المركزية,,1448هـ / 2026م,رسمي موثق / Official Verified,تمت مطابقة الاسم ورقم الموقع من المخطط المرفق؛ الترخيص التجاري يحتاج تحققًا مستقلاً
روز هوليداي 3,روز هوليداي 3,468,400,المدينة المنورة,المنطقة المركزية,المنطقة المركزية / Central Zone,داخل المنطقة المركزية / Central Area,0,المخطط الإرشادي للمسجد النبوي ومرافقه وفنادق المنطقة المركزية,,1448هـ / 2026م,رسمي موثق / Official Verified,تمت مطابقة الاسم ورقم الموقع من المخطط المرفق؛ الترخيص التجاري يحتاج تحققًا مستقلاً
المختارة العالمي,المختارة العالمي,178,100,المدينة المنورة,المنطقة المركزية,المنطقة المركزية / Central Zone,داخل المنطقة المركزية / Central Area,0,المخطط الإرشادي للمسجد النبوي ومرافقه وفنادق المنطقة المركزية,,1448هـ / 2026م,رسمي موثق / Official Verified,تمت مطابقة الاسم ورقم الموقع من المخطط المرفق؛ الترخيص التجاري يحتاج تحققًا مستقلاً
المختارة الغربي,المختارة الغربي,214,200,المدينة المنورة,المنطقة المركزية,المنطقة المركزية / Central Zone,داخل المنطقة المركزية / Central Area,0,المخطط الإرشادي للمسجد النبوي ومرافقه وفنادق المنطقة المركزية,,1448هـ / 2026م,رسمي موثق / Official Verified,تمت مطابقة الاسم ورقم الموقع من المخطط المرفق؛ الترخيص التجاري يحتاج تحققًا مستقلاً
المختارة الماسي,المختارة الماسي,359,300,المدينة المنورة,المنطقة المركزية,المنطقة المركزية / Central Zone,داخل المنطقة المركزية / Central Area,0,المخطط الإرشادي للمسجد النبوي ومرافقه وفنادق المنطقة المركزية,,1448هـ / 2026م,رسمي موثق / Official Verified,تمت مطابقة الاسم ورقم الموقع من المخطط المرفق؛ الترخيص التجاري يحتاج تحققًا مستقلاً
المختارة بلازا,Al Mukhtara Plaza,470,400,المدينة المنورة,المنطقة المركزية,المنطقة المركزية / Central Zone,داخل المنطقة المركزية / Central Area,0,المخطط الإرشادي للمسجد النبوي ومرافقه وفنادق المنطقة المركزية,,1448هـ / 2026م,رسمي موثق / Official Verified,تمت مطابقة الاسم ورقم الموقع من المخطط المرفق؛ الترخيص التجاري يحتاج تحققًا مستقلاً
أبراج طابة,أبراج طابة,166,100,المدينة المنورة,المنطقة المركزية,المنطقة المركزية / Central Zone,داخل المنطقة المركزية / Central Area,0,المخطط الإرشادي للمسجد النبوي ومرافقه وفنادق المنطقة المركزية,,1448هـ / 2026م,رسمي موثق / Official Verified,تمت مطابقة الاسم ورقم الموقع من المخطط المرفق؛ الترخيص التجاري يحتاج تحققًا مستقلاً
أبراج طابة الفضي,أبراج طابة الفضي,333,300,المدينة المنورة,المنطقة المركزية,المنطقة المركزية / Central Zone,داخل المنطقة المركزية / Central Area,0,المخطط الإرشادي للمسجد النبوي ومرافقه وفنادق المنطقة المركزية,,1448هـ / 2026م,رسمي موثق / Official Verified,تمت مطابقة الاسم ورقم الموقع من المخطط المرفق؛ الترخيص التجاري يحتاج تحققًا مستقلاً
أجنحة الروضة الفاخرة,أجنحة الروضة الفاخرة,116,100,المدينة المنورة,المنطقة المركزية,المنطقة المركزية / Central Zone,داخل المنطقة المركزية / Central Area,0,المخطط الإرشادي للمسجد النبوي ومرافقه وفنادق المنطقة المركزية,,1448هـ / 2026م,رسمي موثق / Official Verified,تمت مطابقة الاسم ورقم الموقع من المخطط المرفق؛ الترخيص التجاري يحتاج تحققًا مستقلاً
أرجوان الذهبي,أرجوان الذهبي,256,200,المدينة المنورة,المنطقة المركزية,المنطقة المركزية / Central Zone,داخل المنطقة المركزية / Central Area,0,المخطط الإرشادي للمسجد النبوي ومرافقه وفنادق المنطقة المركزية,,1448هـ / 2026م,رسمي موثق / Official Verified,تمت مطابقة الاسم ورقم الموقع من المخطط المرفق؛ الترخيص التجاري يحتاج تحققًا مستقلاً
أرجوان السعادة,أرجوان السعادة,212,200,المدينة المنورة,المنطقة المركزية,المنطقة المركزية / Central Zone,داخل المنطقة المركزية / Central Area,0,المخطط الإرشادي للمسجد النبوي ومرافقه وفنادق المنطقة المركزية,,1448هـ / 2026م,رسمي موثق / Official Verified,تمت مطابقة الاسم ورقم الموقع من المخطط المرفق؛ الترخيص التجاري يحتاج تحققًا مستقلاً
أرجوان السلام,أرجوان السلام,323,300,المدينة المنورة,المنطقة المركزية,المنطقة المركزية / Central Zone,داخل المنطقة المركزية / Central Area,0,المخطط الإرشادي للمسجد النبوي ومرافقه وفنادق المنطقة المركزية,,1448هـ / 2026م,رسمي موثق / Official Verified,تمت مطابقة الاسم ورقم الموقع من المخطط المرفق؛ الترخيص التجاري يحتاج تحققًا مستقلاً
أرجوان المدينة,أرجوان المدينة,318,300,المدينة المنورة,المنطقة المركزية,المنطقة المركزية / Central Zone,داخل المنطقة المركزية / Central Area,0,المخطط الإرشادي للمسجد النبوي ومرافقه وفنادق المنطقة المركزية,,1448هـ / 2026م,رسمي موثق / Official Verified,تمت مطابقة الاسم ورقم الموقع من المخطط المرفق؛ الترخيص التجاري يحتاج تحققًا مستقلاً
أرجوان روز,أرجوان روز,329,300,المدينة المنورة,المنطقة المركزية,المنطقة المركزية / Central Zone,داخل المنطقة المركزية / Central Area,0,المخطط الإرشادي للمسجد النبوي ومرافقه وفنادق المنطقة المركزية,,1448هـ / 2026م,رسمي موثق / Official Verified,تمت مطابقة الاسم ورقم الموقع من المخطط المرفق؛ الترخيص التجاري يحتاج تحققًا مستقلاً
أركان الذهبي,أركان الذهبي,118,100,المدينة المنورة,المنطقة المركزية,المنطقة المركزية / Central Zone,داخل المنطقة المركزية / Central Area,0,المخطط الإرشادي للمسجد النبوي ومرافقه وفنادق المنطقة المركزية,,1448هـ / 2026م,رسمي موثق / Official Verified,تمت مطابقة الاسم ورقم الموقع من المخطط المرفق؛ الترخيص التجاري يحتاج تحققًا مستقلاً
أركان المنار,أركان المنار,169,100,المدينة المنورة,المنطقة المركزية,المنطقة المركزية / Central Zone,داخل المنطقة المركزية / Central Area,0,المخطط الإرشادي للمسجد النبوي ومرافقه وفنادق المنطقة المركزية,,1448هـ / 2026م,رسمي موثق / Official Verified,تمت مطابقة الاسم ورقم الموقع من المخطط المرفق؛ الترخيص التجاري يحتاج تحققًا مستقلاً
أريك طيبة,أريك طيبة,223,200,المدينة المنورة,المنطقة المركزية,المنطقة المركزية / Central Zone,داخل المنطقة المركزية / Central Area,0,المخطط الإرشادي للمسجد النبوي ومرافقه وفنادق المنطقة المركزية,,1448هـ / 2026م,رسمي موثق / Official Verified,تمت مطابقة الاسم ورقم الموقع من المخطط المرفق؛ الترخيص التجاري يحتاج تحققًا مستقلاً
أزهار سلسبيل,أزهار سلسبيل,349,300,المدينة المنورة,المنطقة المركزية,المنطقة المركزية / Central Zone,داخل المنطقة المركزية / Central Area,0,المخطط الإرشادي للمسجد النبوي ومرافقه وفنادق المنطقة المركزية,,1448هـ / 2026م,رسمي موثق / Official Verified,تمت مطابقة الاسم ورقم الموقع من المخطط المرفق؛ الترخيص التجاري يحتاج تحققًا مستقلاً
أمجاد السلام,أمجاد السلام,122,100,المدينة المنورة,المنطقة المركزية,المنطقة المركزية / Central Zone,داخل المنطقة المركزية / Central Area,0,المخطط الإرشادي للمسجد النبوي ومرافقه وفنادق المنطقة المركزية,,1448هـ / 2026م,رسمي موثق / Official Verified,تمت مطابقة الاسم ورقم الموقع من المخطط المرفق؛ الترخيص التجاري يحتاج تحققًا مستقلاً
أمجاد الغراء,أمجاد الغراء,215,200,المدينة المنورة,المنطقة المركزية,المنطقة المركزية / Central Zone,داخل المنطقة المركزية / Central Area,0,المخطط الإرشادي للمسجد النبوي ومرافقه وفنادق المنطقة المركزية,,1448هـ / 2026م,رسمي موثق / Official Verified,تمت مطابقة الاسم ورقم الموقع من المخطط المرفق؛ الترخيص التجاري يحتاج تحققًا مستقلاً
أستونيس طيبة,أستونيس طيبة,126,100,المدينة المنورة,المنطقة المركزية,المنطقة المركزية / Central Zone,داخل المنطقة المركزية / Central Area,0,المخطط الإرشادي للمسجد النبوي ومرافقه وفنادق المنطقة المركزية,,1448هـ / 2026م,رسمي موثق / Official Verified,تمت مطابقة الاسم ورقم الموقع من المخطط المرفق؛ الترخيص التجاري يحتاج تحققًا مستقلاً
أنتيرا من كونتيننتال,أنتيرا من كونتيننتال,125,100,المدينة المنورة,المنطقة المركزية,المنطقة المركزية / Central Zone,داخل المنطقة المركزية / Central Area,0,المخطط الإرشادي للمسجد النبوي ومرافقه وفنادق المنطقة المركزية,,1448هـ / 2026م,رسمي موثق / Official Verified,تمت مطابقة الاسم ورقم الموقع من المخطط المرفق؛ الترخيص التجاري يحتاج تحققًا مستقلاً
إعمار إيليت,إعمار إيليت,165,100,المدينة المنورة,المنطقة المركزية,المنطقة المركزية / Central Zone,داخل المنطقة المركزية / Central Area,0,المخطط الإرشادي للمسجد النبوي ومرافقه وفنادق المنطقة المركزية,,1448هـ / 2026م,رسمي موثق / Official Verified,تمت مطابقة الاسم ورقم الموقع من المخطط المرفق؛ الترخيص التجاري يحتاج تحققًا مستقلاً
إعمار رويال,إعمار رويال,123,100,المدينة المنورة,المنطقة المركزية,المنطقة المركزية / Central Zone,داخل المنطقة المركزية / Central Area,0,المخطط الإرشادي للمسجد النبوي ومرافقه وفنادق المنطقة المركزية,,1448هـ / 2026م,رسمي موثق / Official Verified,تمت مطابقة الاسم ورقم الموقع من المخطط المرفق؛ الترخيص التجاري يحتاج تحققًا مستقلاً
إعمار طيبة,إعمار طيبة,335,300,المدينة المنورة,المنطقة المركزية,المنطقة المركزية / Central Zone,داخل المنطقة المركزية / Central Area,0,المخطط الإرشادي للمسجد النبوي ومرافقه وفنادق المنطقة المركزية,,1448هـ / 2026م,رسمي موثق / Official Verified,تمت مطابقة الاسم ورقم الموقع من المخطط المرفق؛ الترخيص التجاري يحتاج تحققًا مستقلاً
إعمار مكان,إعمار مكان,206,200,المدينة المنورة,المنطقة المركزية,المنطقة المركزية / Central Zone,داخل المنطقة المركزية / Central Area,0,المخطط الإرشادي للمسجد النبوي ومرافقه وفنادق المنطقة المركزية,,1448هـ / 2026م,رسمي موثق / Official Verified,تمت مطابقة الاسم ورقم الموقع من المخطط المرفق؛ الترخيص التجاري يحتاج تحققًا مستقلاً
أنوار الزهراء,أنوار الزهراء,387,300,المدينة المنورة,المنطقة المركزية,المنطقة المركزية / Central Zone,داخل المنطقة المركزية / Central Area,0,المخطط الإرشادي للمسجد النبوي ومرافقه وفنادق المنطقة المركزية,,1448هـ / 2026م,رسمي موثق / Official Verified,تمت مطابقة الاسم ورقم الموقع من المخطط المرفق؛ الترخيص التجاري يحتاج تحققًا مستقلاً
أنوار المدينة موفنبيك,أنوار المدينة موفنبيك,163,100,المدينة المنورة,المنطقة المركزية,المنطقة المركزية / Central Zone,داخل المنطقة المركزية / Central Area,0,المخطط الإرشادي للمسجد النبوي ومرافقه وفنادق المنطقة المركزية,,1448هـ / 2026م,رسمي موثق / Official Verified,تمت مطابقة الاسم ورقم الموقع من المخطط المرفق؛ الترخيص التجاري يحتاج تحققًا مستقلاً
أودست المدينة,أودست المدينة,137,100,المدينة المنورة,المنطقة المركزية,المنطقة المركزية / Central Zone,داخل المنطقة المركزية / Central Area,0,المخطط الإرشادي للمسجد النبوي ومرافقه وفنادق المنطقة المركزية,,1448هـ / 2026م,رسمي موثق / Official Verified,تمت مطابقة الاسم ورقم الموقع من المخطط المرفق؛ الترخيص التجاري يحتاج تحققًا مستقلاً
إيلاف التقوى,Elaf Al Taqwa,401,400,المدينة المنورة,المنطقة المركزية,المنطقة المركزية / Central Zone,داخل المنطقة المركزية / Central Area,0,المخطط الإرشادي للمسجد النبوي ومرافقه وفنادق المنطقة المركزية,,1448هـ / 2026م,رسمي موثق / Official Verified,تمت مطابقة الاسم ورقم الموقع من المخطط المرفق؛ الترخيص التجاري يحتاج تحققًا مستقلاً
إيلاف طيبة,إيلاف طيبة,164,100,المدينة المنورة,المنطقة المركزية,المنطقة المركزية / Central Zone,داخل المنطقة المركزية / Central Area,0,المخطط الإرشادي للمسجد النبوي ومرافقه وفنادق المنطقة المركزية,,1448هـ / 2026م,رسمي موثق / Official Verified,تمت مطابقة الاسم ورقم الموقع من المخطط المرفق؛ الترخيص التجاري يحتاج تحققًا مستقلاً
الأمان العربية,الأمان العربية,102,100,المدينة المنورة,المنطقة المركزية,المنطقة المركزية / Central Zone,داخل المنطقة المركزية / Central Area,0,المخطط الإرشادي للمسجد النبوي ومرافقه وفنادق المنطقة المركزية,,1448هـ / 2026م,رسمي موثق / Official Verified,تمت مطابقة الاسم ورقم الموقع من المخطط المرفق؛ الترخيص التجاري يحتاج تحققًا مستقلاً
الأندلس الفاخر,الأندلس الفاخر,140,100,المدينة المنورة,المنطقة المركزية,المنطقة المركزية / Central Zone,داخل المنطقة المركزية / Central Area,0,المخطط الإرشادي للمسجد النبوي ومرافقه وفنادق المنطقة المركزية,,1448هـ / 2026م,رسمي موثق / Official Verified,تمت مطابقة الاسم ورقم الموقع من المخطط المرفق؛ الترخيص التجاري يحتاج تحققًا مستقلاً
الأندلس الماسي,الأندلس الماسي,471,400,المدينة المنورة,المنطقة المركزية,المنطقة المركزية / Central Zone,داخل المنطقة المركزية / Central Area,0,المخطط الإرشادي للمسجد النبوي ومرافقه وفنادق المنطقة المركزية,,1448هـ / 2026م,رسمي موثق / Official Verified,تمت مطابقة الاسم ورقم الموقع من المخطط المرفق؛ الترخيص التجاري يحتاج تحققًا مستقلاً
الأندلس المدينة,الأندلس المدينة,254,200,المدينة المنورة,المنطقة المركزية,المنطقة المركزية / Central Zone,داخل المنطقة المركزية / Central Area,0,المخطط الإرشادي للمسجد النبوي ومرافقه وفنادق المنطقة المركزية,,1448هـ / 2026م,رسمي موثق / Official Verified,تمت مطابقة الاسم ورقم الموقع من المخطط المرفق؛ الترخيص التجاري يحتاج تحققًا مستقلاً
الأندلس بلازا,الأندلس بلازا,253,200,المدينة المنورة,المنطقة المركزية,المنطقة المركزية / Central Zone,داخل المنطقة المركزية / Central Area,0,المخطط الإرشادي للمسجد النبوي ومرافقه وفنادق المنطقة المركزية,,1448هـ / 2026م,رسمي موثق / Official Verified,تمت مطابقة الاسم ورقم الموقع من المخطط المرفق؛ الترخيص التجاري يحتاج تحققًا مستقلاً
الأندلس دار السلام,الأندلس دار السلام,361,300,المدينة المنورة,المنطقة المركزية,المنطقة المركزية / Central Zone,داخل المنطقة المركزية / Central Area,0,المخطط الإرشادي للمسجد النبوي ومرافقه وفنادق المنطقة المركزية,,1448هـ / 2026م,رسمي موثق / Official Verified,تمت مطابقة الاسم ورقم الموقع من المخطط المرفق؛ الترخيص التجاري يحتاج تحققًا مستقلاً
الأنصار بلاتينوم,الأنصار بلاتينوم,141,100,المدينة المنورة,المنطقة المركزية,المنطقة المركزية / Central Zone,داخل المنطقة المركزية / Central Area,0,المخطط الإرشادي للمسجد النبوي ومرافقه وفنادق المنطقة المركزية,,1448هـ / 2026م,رسمي موثق / Official Verified,تمت مطابقة الاسم ورقم الموقع من المخطط المرفق؛ الترخيص التجاري يحتاج تحققًا مستقلاً
الأنصار جولدن توليب,الأنصار جولدن توليب,142,100,المدينة المنورة,المنطقة المركزية,المنطقة المركزية / Central Zone,داخل المنطقة المركزية / Central Area,0,المخطط الإرشادي للمسجد النبوي ومرافقه وفنادق المنطقة المركزية,,1448هـ / 2026م,رسمي موثق / Official Verified,تمت مطابقة الاسم ورقم الموقع من المخطط المرفق؛ الترخيص التجاري يحتاج تحققًا مستقلاً
المروة كريم,المروة كريم,334,300,المدينة المنورة,المنطقة المركزية,المنطقة المركزية / Central Zone,داخل المنطقة المركزية / Central Area,0,المخطط الإرشادي للمسجد النبوي ومرافقه وفنادق المنطقة المركزية,,1448هـ / 2026م,رسمي موثق / Official Verified,تمت مطابقة الاسم ورقم الموقع من المخطط المرفق؛ الترخيص التجاري يحتاج تحققًا مستقلاً
البسفور,البسفور,306,300,المدينة المنورة,المنطقة المركزية,المنطقة المركزية / Central Zone,داخل المنطقة المركزية / Central Area,0,المخطط الإرشادي للمسجد النبوي ومرافقه وفنادق المنطقة المركزية,,1448هـ / 2026م,رسمي موثق / Official Verified,تمت مطابقة الاسم ورقم الموقع من المخطط المرفق؛ الترخيص التجاري يحتاج تحققًا مستقلاً
البسفور 2,Al Bosphorus 2,446,400,المدينة المنورة,المنطقة المركزية,المنطقة المركزية / Central Zone,داخل المنطقة المركزية / Central Area,0,المخطط الإرشادي للمسجد النبوي ومرافقه وفنادق المنطقة المركزية,,1448هـ / 2026م,رسمي موثق / Official Verified,تمت مطابقة الاسم ورقم الموقع من المخطط المرفق؛ الترخيص التجاري يحتاج تحققًا مستقلاً
الحياة العالمي,الحياة العالمي,175,100,المدينة المنورة,المنطقة المركزية,المنطقة المركزية / Central Zone,داخل المنطقة المركزية / Central Area,0,المخطط الإرشادي للمسجد النبوي ومرافقه وفنادق المنطقة المركزية,,1448هـ / 2026م,رسمي موثق / Official Verified,تمت مطابقة الاسم ورقم الموقع من المخطط المرفق؛ الترخيص التجاري يحتاج تحققًا مستقلاً
الدار روافد توليب إن,الدار روافد توليب إن,219,200,المدينة المنورة,المنطقة المركزية,المنطقة المركزية / Central Zone,داخل المنطقة المركزية / Central Area,0,المخطط الإرشادي للمسجد النبوي ومرافقه وفنادق المنطقة المركزية,,1448هـ / 2026م,رسمي موثق / Official Verified,تمت مطابقة الاسم ورقم الموقع من المخطط المرفق؛ الترخيص التجاري يحتاج تحققًا مستقلاً
الذهبي جولدن توليب,الذهبي جولدن توليب,107,100,المدينة المنورة,المنطقة المركزية,المنطقة المركزية / Central Zone,داخل المنطقة المركزية / Central Area,0,المخطط الإرشادي للمسجد النبوي ومرافقه وفنادق المنطقة المركزية,,1448هـ / 2026م,رسمي موثق / Official Verified,تمت مطابقة الاسم ورقم الموقع من المخطط المرفق؛ الترخيص التجاري يحتاج تحققًا مستقلاً
الريتز المدينة,الريتز المدينة,148,100,المدينة المنورة,المنطقة المركزية,المنطقة المركزية / Central Zone,داخل المنطقة المركزية / Central Area,0,المخطط الإرشادي للمسجد النبوي ومرافقه وفنادق المنطقة المركزية,,1448هـ / 2026م,رسمي موثق / Official Verified,تمت مطابقة الاسم ورقم الموقع من المخطط المرفق؛ الترخيص التجاري يحتاج تحققًا مستقلاً
الزهراء,الزهراء,248,200,المدينة المنورة,المنطقة المركزية,المنطقة المركزية / Central Zone,داخل المنطقة المركزية / Central Area,0,المخطط الإرشادي للمسجد النبوي ومرافقه وفنادق المنطقة المركزية,,1448هـ / 2026م,رسمي موثق / Official Verified,تمت مطابقة الاسم ورقم الموقع من المخطط المرفق؛ الترخيص التجاري يحتاج تحققًا مستقلاً
السعفة,السعفة,322,300,المدينة المنورة,المنطقة المركزية,المنطقة المركزية / Central Zone,داخل المنطقة المركزية / Central Area,0,المخطط الإرشادي للمسجد النبوي ومرافقه وفنادق المنطقة المركزية,,1448هـ / 2026م,رسمي موثق / Official Verified,تمت مطابقة الاسم ورقم الموقع من المخطط المرفق؛ الترخيص التجاري يحتاج تحققًا مستقلاً
السعفة الذهبية,السعفة الذهبية,310,300,المدينة المنورة,المنطقة المركزية,المنطقة المركزية / Central Zone,داخل المنطقة المركزية / Central Area,0,المخطط الإرشادي للمسجد النبوي ومرافقه وفنادق المنطقة المركزية,,1448هـ / 2026م,رسمي موثق / Official Verified,تمت مطابقة الاسم ورقم الموقع من المخطط المرفق؛ الترخيص التجاري يحتاج تحققًا مستقلاً
الشاكرين جولدن توليب,الشاكرين جولدن توليب,110,100,المدينة المنورة,المنطقة المركزية,المنطقة المركزية / Central Zone,داخل المنطقة المركزية / Central Area,0,المخطط الإرشادي للمسجد النبوي ومرافقه وفنادق المنطقة المركزية,,1448هـ / 2026م,رسمي موثق / Official Verified,تمت مطابقة الاسم ورقم الموقع من المخطط المرفق؛ الترخيص التجاري يحتاج تحققًا مستقلاً
الشام الإقليمية - بروفنس,الشام الإقليمية - بروفنس,410,400,المدينة المنورة,المنطقة المركزية,المنطقة المركزية / Central Zone,داخل المنطقة المركزية / Central Area,0,المخطط الإرشادي للمسجد النبوي ومرافقه وفنادق المنطقة المركزية,,1448هـ / 2026م,رسمي موثق / Official Verified,تمت مطابقة الاسم ورقم الموقع من المخطط المرفق؛ الترخيص التجاري يحتاج تحققًا مستقلاً
الفيروز الذهبي,الفيروز الذهبي,146,100,المدينة المنورة,المنطقة المركزية,المنطقة المركزية / Central Zone,داخل المنطقة المركزية / Central Area,0,المخطط الإرشادي للمسجد النبوي ومرافقه وفنادق المنطقة المركزية,,1448هـ / 2026م,رسمي موثق / Official Verified,تمت مطابقة الاسم ورقم الموقع من المخطط المرفق؛ الترخيص التجاري يحتاج تحققًا مستقلاً
الفيروز شذا,الفيروز شذا,340,300,المدينة المنورة,المنطقة المركزية,المنطقة المركزية / Central Zone,داخل المنطقة المركزية / Central Area,0,المخطط الإرشادي للمسجد النبوي ومرافقه وفنادق المنطقة المركزية,,1448هـ / 2026م,رسمي موثق / Official Verified,تمت مطابقة الاسم ورقم الموقع من المخطط المرفق؛ الترخيص التجاري يحتاج تحققًا مستقلاً
المحراب طيبة,المحراب طيبة,106,100,المدينة المنورة,المنطقة المركزية,المنطقة المركزية / Central Zone,داخل المنطقة المركزية / Central Area,0,المخطط الإرشادي للمسجد النبوي ومرافقه وفنادق المنطقة المركزية,,1448هـ / 2026م,رسمي موثق / Official Verified,تمت مطابقة الاسم ورقم الموقع من المخطط المرفق؛ الترخيص التجاري يحتاج تحققًا مستقلاً
المختارة الذهبي,المختارة الذهبي,354,300,المدينة المنورة,المنطقة المركزية,المنطقة المركزية / Central Zone,داخل المنطقة المركزية / Central Area,0,المخطط الإرشادي للمسجد النبوي ومرافقه وفنادق المنطقة المركزية,,1448هـ / 2026م,رسمي موثق / Official Verified,تمت مطابقة الاسم ورقم الموقع من المخطط المرفق؛ الترخيص التجاري يحتاج تحققًا مستقلاً
المدينة الذهبي,المدينة الذهبي,414,400,المدينة المنورة,المنطقة المركزية,المنطقة المركزية / Central Zone,داخل المنطقة المركزية / Central Area,0,المخطط الإرشادي للمسجد النبوي ومرافقه وفنادق المنطقة المركزية,,1448هـ / 2026م,رسمي موثق / Official Verified,تمت مطابقة الاسم ورقم الموقع من المخطط المرفق؛ الترخيص التجاري يحتاج تحققًا مستقلاً
المدينة هيلتون,المدينة هيلتون,150,100,المدينة المنورة,المنطقة المركزية,المنطقة المركزية / Central Zone,داخل المنطقة المركزية / Central Area,0,المخطط الإرشادي للمسجد النبوي ومرافقه وفنادق المنطقة المركزية,,1448هـ / 2026م,رسمي موثق / Official Verified,تمت مطابقة الاسم ورقم الموقع من المخطط المرفق؛ الترخيص التجاري يحتاج تحققًا مستقلاً
المرسى,المرسى,135,100,المدينة المنورة,المنطقة المركزية,المنطقة المركزية / Central Zone,داخل المنطقة المركزية / Central Area,0,المخطط الإرشادي للمسجد النبوي ومرافقه وفنادق المنطقة المركزية,,1448هـ / 2026م,رسمي موثق / Official Verified,تمت مطابقة الاسم ورقم الموقع من المخطط المرفق؛ الترخيص التجاري يحتاج تحققًا مستقلاً
المناخة روتانا 1,المناخة روتانا 1,373,300,المدينة المنورة,المنطقة المركزية,المنطقة المركزية / Central Zone,داخل المنطقة المركزية / Central Area,0,المخطط الإرشادي للمسجد النبوي ومرافقه وفنادق المنطقة المركزية,,1448هـ / 2026م,رسمي موثق / Official Verified,تمت مطابقة الاسم ورقم الموقع من المخطط المرفق؛ الترخيص التجاري يحتاج تحققًا مستقلاً
المناخة روتانا 2,المناخة روتانا 2,372,300,المدينة المنورة,المنطقة المركزية,المنطقة المركزية / Central Zone,داخل المنطقة المركزية / Central Area,0,المخطط الإرشادي للمسجد النبوي ومرافقه وفنادق المنطقة المركزية,,1448هـ / 2026م,رسمي موثق / Official Verified,تمت مطابقة الاسم ورقم الموقع من المخطط المرفق؛ الترخيص التجاري يحتاج تحققًا مستقلاً
المنى كريم,المنى كريم,122,100,المدينة المنورة,المنطقة المركزية,المنطقة المركزية / Central Zone,داخل المنطقة المركزية / Central Area,0,المخطط الإرشادي للمسجد النبوي ومرافقه وفنادق المنطقة المركزية,,1448هـ / 2026م,رسمي موثق / Official Verified,تمت مطابقة الاسم ورقم الموقع من المخطط المرفق؛ الترخيص التجاري يحتاج تحققًا مستقلاً
بلازا إن أحد,بلازا إن أحد,332,300,المدينة المنورة,المنطقة المركزية,المنطقة المركزية / Central Zone,داخل المنطقة المركزية / Central Area,0,المخطط الإرشادي للمسجد النبوي ومرافقه وفنادق المنطقة المركزية,,1448هـ / 2026م,رسمي موثق / Official Verified,تمت مطابقة الاسم ورقم الموقع من المخطط المرفق؛ الترخيص التجاري يحتاج تحققًا مستقلاً
بينسك وورث,بينسك وورث,127,100,المدينة المنورة,المنطقة المركزية,المنطقة المركزية / Central Zone,داخل المنطقة المركزية / Central Area,0,المخطط الإرشادي للمسجد النبوي ومرافقه وفنادق المنطقة المركزية,,1448هـ / 2026م,رسمي موثق / Official Verified,تمت مطابقة الاسم ورقم الموقع من المخطط المرفق؛ الترخيص التجاري يحتاج تحققًا مستقلاً
بيلتمور المدينة,بيلتمور المدينة,101,100,المدينة المنورة,المنطقة المركزية,المنطقة المركزية / Central Zone,داخل المنطقة المركزية / Central Area,0,المخطط الإرشادي للمسجد النبوي ومرافقه وفنادق المنطقة المركزية,,1448هـ / 2026م,رسمي موثق / Official Verified,تمت مطابقة الاسم ورقم الموقع من المخطط المرفق؛ الترخيص التجاري يحتاج تحققًا مستقلاً
تاج ورد,تاج ورد,446,400,المدينة المنورة,المنطقة المركزية,المنطقة المركزية / Central Zone,داخل المنطقة المركزية / Central Area,0,المخطط الإرشادي للمسجد النبوي ومرافقه وفنادق المنطقة المركزية,,1448هـ / 2026م,رسمي موثق / Official Verified,تمت مطابقة الاسم ورقم الموقع من المخطط المرفق؛ الترخيص التجاري يحتاج تحققًا مستقلاً
جايدن,جايدن,180,100,المدينة المنورة,المنطقة المركزية,المنطقة المركزية / Central Zone,داخل المنطقة المركزية / Central Area,0,المخطط الإرشادي للمسجد النبوي ومرافقه وفنادق المنطقة المركزية,,1448هـ / 2026م,رسمي موثق / Official Verified,تمت مطابقة الاسم ورقم الموقع من المخطط المرفق؛ الترخيص التجاري يحتاج تحققًا مستقلاً
جراند الشهباء,جراند الشهباء,367,300,المدينة المنورة,المنطقة المركزية,المنطقة المركزية / Central Zone,داخل المنطقة المركزية / Central Area,0,المخطط الإرشادي للمسجد النبوي ومرافقه وفنادق المنطقة المركزية,,1448هـ / 2026م,رسمي موثق / Official Verified,تمت مطابقة الاسم ورقم الموقع من المخطط المرفق؛ الترخيص التجاري يحتاج تحققًا مستقلاً
جراند الصافي,جراند الصافي,350,300,المدينة المنورة,المنطقة المركزية,المنطقة المركزية / Central Zone,داخل المنطقة المركزية / Central Area,0,المخطط الإرشادي للمسجد النبوي ومرافقه وفنادق المنطقة المركزية,,1448هـ / 2026م,رسمي موثق / Official Verified,تمت مطابقة الاسم ورقم الموقع من المخطط المرفق؛ الترخيص التجاري يحتاج تحققًا مستقلاً
جراند بلازا السلام,جراند بلازا السلام,322,300,المدينة المنورة,المنطقة المركزية,المنطقة المركزية / Central Zone,داخل المنطقة المركزية / Central Area,0,المخطط الإرشادي للمسجد النبوي ومرافقه وفنادق المنطقة المركزية,,1448هـ / 2026م,رسمي موثق / Official Verified,تمت مطابقة الاسم ورقم الموقع من المخطط المرفق؛ الترخيص التجاري يحتاج تحققًا مستقلاً
جراند بلازا بدر المقام,جراند بلازا بدر المقام,310,300,المدينة المنورة,المنطقة المركزية,المنطقة المركزية / Central Zone,داخل المنطقة المركزية / Central Area,0,المخطط الإرشادي للمسجد النبوي ومرافقه وفنادق المنطقة المركزية,,1448هـ / 2026م,رسمي موثق / Official Verified,تمت مطابقة الاسم ورقم الموقع من المخطط المرفق؛ الترخيص التجاري يحتاج تحققًا مستقلاً
جراند زوار,جراند زوار,110,100,المدينة المنورة,المنطقة المركزية,المنطقة المركزية / Central Zone,داخل المنطقة المركزية / Central Area,0,المخطط الإرشادي للمسجد النبوي ومرافقه وفنادق المنطقة المركزية,,1448هـ / 2026م,رسمي موثق / Official Verified,تمت مطابقة الاسم ورقم الموقع من المخطط المرفق؛ الترخيص التجاري يحتاج تحققًا مستقلاً
جلنار طيبة,جلنار طيبة,212,200,المدينة المنورة,المنطقة المركزية,المنطقة المركزية / Central Zone,داخل المنطقة المركزية / Central Area,0,المخطط الإرشادي للمسجد النبوي ومرافقه وفنادق المنطقة المركزية,,1448هـ / 2026م,رسمي موثق / Official Verified,تمت مطابقة الاسم ورقم الموقع من المخطط المرفق؛ الترخيص التجاري يحتاج تحققًا مستقلاً
جوار الأندلس,جوار الأندلس,436,400,المدينة المنورة,المنطقة المركزية,المنطقة المركزية / Central Zone,داخل المنطقة المركزية / Central Area,0,المخطط الإرشادي للمسجد النبوي ومرافقه وفنادق المنطقة المركزية,,1448هـ / 2026م,رسمي موثق / Official Verified,تمت مطابقة الاسم ورقم الموقع من المخطط المرفق؛ الترخيص التجاري يحتاج تحققًا مستقلاً
جوار الساحة,جوار الساحة,113,100,المدينة المنورة,المنطقة المركزية,المنطقة المركزية / Central Zone,داخل المنطقة المركزية / Central Area,0,المخطط الإرشادي للمسجد النبوي ومرافقه وفنادق المنطقة المركزية,,1448هـ / 2026م,رسمي موثق / Official Verified,تمت مطابقة الاسم ورقم الموقع من المخطط المرفق؛ الترخيص التجاري يحتاج تحققًا مستقلاً
جوار المدينة,جوار المدينة,428,400,المدينة المنورة,المنطقة المركزية,المنطقة المركزية / Central Zone,داخل المنطقة المركزية / Central Area,0,المخطط الإرشادي للمسجد النبوي ومرافقه وفنادق المنطقة المركزية,,1448هـ / 2026م,رسمي موثق / Official Verified,تمت مطابقة الاسم ورقم الموقع من المخطط المرفق؛ الترخيص التجاري يحتاج تحققًا مستقلاً
جوار طيبة,جوار طيبة,375,300,المدينة المنورة,المنطقة المركزية,المنطقة المركزية / Central Zone,داخل المنطقة المركزية / Central Area,0,المخطط الإرشادي للمسجد النبوي ومرافقه وفنادق المنطقة المركزية,,1448هـ / 2026م,رسمي موثق / Official Verified,تمت مطابقة الاسم ورقم الموقع من المخطط المرفق؛ الترخيص التجاري يحتاج تحققًا مستقلاً
فندق إيوان دار الهجرة,Ewan Dar Alhejra Hotel,,,المدينة المنورة,خارج المنطقة المركزية — قريب,قريب من المنطقة المركزية / Near Central,قريب من المنطقة المركزية حتى 2 كم / Near Central up to 2 km,1.8,Booking.com,https://www.booking.com/hotel/sa/iwan-dar-alhejra.html,2026,تم التحقق من القرب / Proximity Verified,المسافة المنشورة لا تتجاوز 2 كم من المسجد النبوي
فندق زها طيبة,Zaha Taiba Hotel,,,المدينة المنورة,خارج المنطقة المركزية — قريب,قريب من المنطقة المركزية / Near Central,قريب من المنطقة المركزية حتى 2 كم / Near Central up to 2 km,1.6,Booking.com,https://www.booking.com/landmark/sa/al-masjid-an-nabawi-omar-bin-khattab-gate.html,2026,تم التحقق من القرب / Proximity Verified,المسافة المنشورة لا تتجاوز 2 كم من المسجد النبوي
فندق فالي المدينة,VALY Al Madinah Hotel,,,المدينة المنورة,قرب المنطقة المركزية,قريب من المنطقة المركزية / Near Central,قريب من المنطقة المركزية حتى 2 كم / Near Central up to 2 km,0.9,Booking.com,https://www.booking.com/district/sa/medina/madinahcentralarea.html,2026,تم التحقق من القرب / Proximity Verified,المسافة المنشورة لا تتجاوز 2 كم من المسجد النبوي
فندق جايدن,Jayden Hotel,,,المدينة المنورة,قرب المنطقة المركزية,قريب من المنطقة المركزية / Near Central,قريب من المنطقة المركزية حتى 2 كم / Near Central up to 2 km,0.9,Booking.com,https://www.booking.com/district/sa/medina/madinahcentralarea.html,2026,تم التحقق من القرب / Proximity Verified,المسافة المنشورة لا تتجاوز 2 كم من المسجد النبوي
فندق ديوان روز,Diwan Rose Hotel,,,المدينة المنورة,قرب المنطقة المركزية,قريب من المنطقة المركزية / Near Central,قريب من المنطقة المركزية حتى 2 كم / Near Central up to 2 km,1.1,Booking.com,https://www.booking.com/landmark/sa/al-masjid-an-nabawi-omar-bin-khattab-gate.html,2026,تم التحقق من القرب / Proximity Verified,المسافة المنشورة لا تتجاوز 2 كم من المسجد النبوي
فندق إعمار المكتان,Emaar Al Mektan Hotel,,,المدينة المنورة,قرب المنطقة المركزية,قريب من المنطقة المركزية / Near Central,قريب من المنطقة المركزية حتى 2 كم / Near Central up to 2 km,0.375,Booking.com,https://www.booking.com/landmark/sa/al-masjid-an-nabawi-king-saud-gate.html,2026,تم التحقق من القرب / Proximity Verified,المسافة المنشورة لا تتجاوز 2 كم من المسجد النبوي
فندق جوار المدينة,Jiwar Al Madina Hotel,,,المدينة المنورة,قرب المنطقة المركزية,قريب من المنطقة المركزية / Near Central,قريب من المنطقة المركزية حتى 2 كم / Near Central up to 2 km,0.6,Booking.com,https://www.booking.com/region/sa/al-madinah.html,2026,تم التحقق من القرب / Proximity Verified,المسافة المنشورة لا تتجاوز 2 كم من المسجد النبوي
فندق إنتركونتيننتال دار الهجرة,InterContinental Dar Al Hijra Madinah,,,المدينة المنورة,قرب المنطقة المركزية,قريب من المنطقة المركزية / Near Central,قريب من المنطقة المركزية حتى 2 كم / Near Central up to 2 km,0.5,IHG,https://www.ihg.com/intercontinental/hotels/us/en/madinah/medhb/hoteldetail,2026,تم التحقق من القرب / Proximity Verified,المسافة المنشورة لا تتجاوز 2 كم من المسجد النبوي
فندق كراون بلازا المدينة,Crowne Plaza Madinah,,,المدينة المنورة,قرب المنطقة المركزية,قريب من المنطقة المركزية / Near Central,قريب من المنطقة المركزية حتى 2 كم / Near Central up to 2 km,0.3,IHG,https://www.ihg.com/crowneplaza/hotels/us/en/madinah/medin/hoteldetail,2026,تم التحقق من القرب / Proximity Verified,المسافة المنشورة لا تتجاوز 2 كم من المسجد النبوي
فندق نوفوتيل المدينة,Novotel Madinah,,,المدينة المنورة,قرب المنطقة المركزية,قريب من المنطقة المركزية / Near Central,قريب من المنطقة المركزية حتى 2 كم / Near Central up to 2 km,0.12,Accor,https://all.accor.com/hotel/B9H5/index.en.shtml,2026,تم التحقق من القرب / Proximity Verified,المسافة المنشورة لا تتجاوز 2 كم من المسجد النبوي
فندق بولمان زمزم المدينة,Pullman Zamzam Madinah,,,المدينة المنورة,قرب المنطقة المركزية,قريب من المنطقة المركزية / Near Central,قريب من المنطقة المركزية حتى 2 كم / Near Central up to 2 km,0.1,Accor,https://all.accor.com/hotel/9245/index.en.shtml,2026,تم التحقق من القرب / Proximity Verified,المسافة المنشورة لا تتجاوز 2 كم من المسجد النبوي
فندق سوفيتيل شهد المدينة,Sofitel Shahd Al Madinah,,,المدينة المنورة,قرب المنطقة المركزية,قريب من المنطقة المركزية / Near Central,قريب من المنطقة المركزية حتى 2 كم / Near Central up to 2 km,0.35,Accor,https://all.accor.com/hotel/B9X5/index.en.shtml,2026,تم التحقق من القرب / Proximity Verified,المسافة المنشورة لا تتجاوز 2 كم من المسجد النبوي
فندق أنوار المدينة موفنبيك,Anwar Al Madinah Mövenpick,,,المدينة المنورة,قرب المنطقة المركزية,قريب من المنطقة المركزية / Near Central,قريب من المنطقة المركزية حتى 2 كم / Near Central up to 2 km,0.15,Accor,https://all.accor.com/hotel/B4M6/index.en.shtml,2026,تم التحقق من القرب / Proximity Verified,المسافة المنشورة لا تتجاوز 2 كم من المسجد النبوي
